"bin","1068841_20180306_S_Run2barcode08.unmapped.fastq","1112926_20171212_S_Run7barcode08.unmapped.fastq","1128691_20171218_S_Run5barcode06.unmapped.fastq","1128691_20180116_S_Run9barcode09.unmapped.fastq","1255498_20171212_S_Run7barcode07.unmapped.fastq","1282052_20180206_S_Run3barcode05.unmapped.fastq","1316935_20180417_S_Run2barcode12.unmapped.fastq","1316979_20171215_S_Run5barcode02.unmapped.fastq","1447437_20171006_S_Run6barcode07.unmapped.fastq","1470026_20180502_S_Run1Barcode06.unmapped.fastq","1565754_20171128_S_Run5barcode09.unmapped.fastq","1565754_20180403_S_Run10barcode09.unmapped.fastq","1586713_20180309_S_Run2barcode09.unmapped.fastq","1593967_20180424_S_Run3barcode02.unmapped.fastq","1593973_20180427_S_Run8barcode01.unmapped.fastq","1593973_20180504_S_Run3barcode03.unmapped.fastq","1598281_20180508_S_Run8barcode07.unmapped.fastq","1651490_20171010_S_Run5barcode01.unmapped.fastq","1651490_20180206_S_Run5barcode04.unmapped.fastq","1834617_20180501_S_Run9barcode08.unmapped.fastq","1845116_20180403_S_Run2barcode11.unmapped.fastq","623361_20180123_S_Run8barcode04.unmapped.fastq","639354_20171206_S_Run5barcode05.unmapped.fastq","642660_20180601_S_Run6barcode05.unmapped.fastq","650003_20180207_S_Run10barcode05.unmapped.fastq","658355_20171204_S_Run6barcode11.unmapped.fastq","658355_20180122_S_Run8barcode05.unmapped.fastq","658355_20180321_S_Run1Barcode01.unmapped.fastq","673895_20180122_S_Run10barcode03.unmapped.fastq","673895_20180205_S_Run7barcode11.unmapped.fastq","676138_20180130_S_Run4barcode06.unmapped.fastq","698917_20171207_S_Run7barcode10.unmapped.fastq","698917_20180128_S_Run4barcode03.unmapped.fastq","698917_20190119_S_Run7barcode05.unmapped.fastq","715927_20180205_S_Run4barcode07.unmapped.fastq","748160_20180321_S_Run1Barcode04.unmapped.fastq","748160_20180329_S_Run1barcode05.unmapped.fastq","748699_20180329_S_Run1Barcode02.unmapped.fastq","748699_20180410_S_Run1barcode03.unmapped.fastq","752797_20170927_S_Run4barcode02.unmapped.fastq","753522_20180606_S_Run4barcode01.unmapped.fastq","756934_20181218_S_Run7barcode09.unmapped.fastq","763742_20180129_S_Run4barcode05.unmapped.fastq","768745_20171123_S_Run4barcode08.unmapped.fastq","770590_20170925_S_Run9barcode02.unmapped.fastq","770590_20180115_S_Run6barcode10.unmapped.fastq","778851_20171204_S_Run4barcode04.unmapped.fastq","785991_20171129_S_Run8barcode03.unmapped.fastq","785991_20171206_S_Run8barcode02.unmapped.fastq","785991_20180321_S_Run3barcode01.unmapped.fastq","788707_20171213_S_Run9barcode04.unmapped.fastq","788707_20180301_S_Run2barcode07.unmapped.fastq","788707_20180313_S_Run2barcode10.unmapped.fastq","788707_20181116_S_Run8barcode08.unmapped.fastq","802971_20180605_S_Run10barcode07.unmapped.fastq","825012_20181120_S_Run5barcode08.unmapped.fastq","825012_20181126_S_Run3barcode04.unmapped.fastq","875028_20180115_S_Run6barcode08.unmapped.fastq","892355_20180123_S_Run5barcode07.unmapped.fastq","895293_20180502_S_Run6barcode09.unmapped.fastq","983493_20180123_S_Run9barcode01.unmapped.fastq"
"bin_0",0.0384543578968957,0.0278279693493014,0.0424763225898269,0.268666179266662,0.0484204320375237,0.0079213045123427,0.00573330218410584,0.00825808075264135,0.024344957111634,0.00677382486375857,0.0616259658170353,0.0869886998795176,0.0143145336502751,0.0488683660083837,0.0652165841586796,0.0234916578765394,0.0356758080526104,0.0303351930326421,0.00470435732428519,0.0524371487092293,0.0355041142430017,0.0212044706832044,0.0357975495290207,0.0548068412002025,0.0099472825668567,0.0332482391984294,0.0217120512078845,0.0262032620961854,0.0952415566937554,0.127169955665864,0.014357056094833,0.00845118428664707,0.0125983409121152,0.0767880169626981,0.0146760796565102,0.00111396805547155,0.0162168837182191,0.0395043563575688,0.0222052867295127,0.0231615417542809,0.052069007960729,0.0422150103284192,0.0389429351315334,0.0523430368329841,0.00532998008699679,0.0312060597967854,0.0291553943259489,0.0339096953388869,0.0441489435850694,0.00970628316388839,0.0712951841206104,0.115431477589962,0.0733539275935278,0.0542921917621074,0.0423121361685299,0.0947849324361763,0.0161521344428676,0.072268642799066,0.0107599648794932,0.227042262038387,0.0550590548535148
"bin_1",0.0217630846014163,0.0433675786293662,0,0.00580049518282779,0.137027822450383,0.0193186746913229,0.0101858304437854,0.00144427354428176,0.070947360804431,0.00581258702530284,0.0112515566034002,0.0976925521555042,0.000967814125236088,0.0597722737309274,0.0535215416049141,0.00917294790551815,0.0932025752251677,0.00157632613128014,0.000667712243879855,0.198142780313512,0.211910898953048,0.0291462657626035,0.0241314347893942,0.0185737440642043,0.00102667437412919,0.0147179905495241,0.00593906133119167,0.00159644579158281,0.0157442273302042,0.0103938893976978,0.0148517987737967,1.15291699653993,0.00129770487121135,0.128551414345878,0.3063146321165,0.00782202401586345,0.000361394519604211,0.0248765761389457,0.000863508137109492,0.00163697523966164,0.0198852670448569,0.0193174023936528,0.0082104958162838,0.0436113123380809,0.00603344170188536,0.0184508057286667,0.0418388673291633,0.0258073113169717,0.0303335647845769,0.0334558043995358,0.000302150132580645,0.163323884387266,0.00574244249474343,0.011033790220438,0.000154318394301178,0.00920522474226943,0.00254273096230072,0.00783952719425645,0.00140901529319167,0.0270290431567895,0.0131854916144979
"bin_101",1.48209769528232,0.64698662627774,0.0978888186391954,0.0130256312366764,1.55671256511121,0.0733746639429243,0.612800452633686,0.4980057350898,1.24031489511078,0.00248380471985484,0.277673934804212,1.38394974863129,0.199810072261219,2.39232900982645,0.170724757508618,0.0844051743318226,0.794309737858137,0.114919262484319,0.0568859205175832,0.18694513976316,1.09496252450086,0.722306726486919,0.510568634759923,0.633528944061887,0.000798725558857481,4.34643495225533,0.459808489793557,0.390064895820512,0.986235461574513,0.185636165936882,0.485616516118912,0.279540945825252,0.00807062441608644,0.106032001719546,2.52078792312323,0.0677108757290307,0.00545034162010394,0.33226216027192,0.330002886206497,0.0529967795120353,0.187188577253095,8.17560975534797,0.241281033605973,0.14953705419211,0.147330935611657,1.18176421337744,0.0895850718007953,1.25355935696501,2.06747378291209,0.419954911776683,0.0111346123346307,0.0469693434162023,3.0193179803582,0.322434483040686,0.0492513105967163,5.18507005039282,7.19942253422879,0.88965550089549,0.00638231218217944,0.127014803560705,0.0862674890348342
"bin_103",2.3825287961074,2.73124931746475,0,0.0578178602513714,6.29345275668748,0.479915975565189,2.72620526482867,0.980908540721927,4.65709062289903,0.0406285690971875,0.624573841439599,2.4426366428234,8.46176085753501,5.37412010799259,7.29002169804362,5.1157893566513,2.11614446085195,0.670605720339518,0.222460544562584,1.76302577623121,1.06971953057543,3.49093338702735,1.3987387056032,2.71322073929736,0.0114493263705761,6.35296753229657,4.28634568450019,7.68331672609487,5.9943763860127,0.348351991594422,3.97671696800949,3.78396448353998,0.0154013388045062,0.159610071151394,4.77099642217184,0.0723106911241255,0.0828010883936729,2.95706028160792,3.641279148964,0.587081718013955,1.28505207288944,2.37017130418282,0.983363741508254,4.42756419245686,0.174106479956731,10.6997099461915,2.01008333969329,0.554561229742562,0.866346145016696,2.01454967598893,0.213335290746507,0.767314932809137,1.19201600672206,3.7282649766241,0.350095152949169,1.76291107945488,2.00002193493963,7.88602420717518,0.31716561909408,0.85993414599928,3.7117019180284
"bin_11",0.00319776680632182,0.00807310415172994,0.000133881720413945,0.00258892875943903,0.0073815857814543,0.000318958589222402,0.00226454426556192,0.000899774620124486,0.00345752375192756,0.000636690456673391,0.0398699113476655,0.0052651931873528,0.00167930240325177,0.00288511431632496,0.0215960348637844,0.0310536189768091,0.0178827283372183,0.000957963697455091,0.000510526123981576,0.00250614495233253,0.00128799281946889,0.0107072190800039,0.00678340690356738,0.00267081614208759,0.000609964667661002,0.00834509362660514,0.0166507914063501,0.00392799974803407,0.000887118481893757,0.00031047784935286,0.00166742701856142,0.0122079862372749,0.000137201293588268,0.0012381651430439,0.00306658991567878,0.00123455872674666,0.00048322998169087,0.00246689066623042,0.00058856137042633,0.000920662981777194,0.0017111144732908,0.00116424588505314,0.000989460535113988,0.000977374513877712,0.00010603313044488,0.0144060061447137,0.000559161985220533,0.0009851014864031,0.00485812314759922,0.00053727318731634,0.000803675379492663,0.00248398460908219,0.00206916507120361,0.00110388191800445,0.00521795280898066,0.00097081720472064,0.00169100519543908,0.00781262119772282,0.0011505262978751,0.00504754470051591,0.00443022941385794
"bin_12",0.0567169378051207,0.0368877536812985,0.000118104847811604,0.000108492311753789,0.0394816086313854,0.00674878196704055,0.120400970866057,0.00276262778799143,0.0344338386941667,0.0234586863615633,0.88438380287665,0.143031354544031,0.00208975250522978,0.175378110297849,0.083975424208531,0.0379919967693126,0.0655085728314892,0.00364376426458338,0.00249850886903041,0.00727797375739754,0.0464569336859691,0.0487189067686876,0.0228340915584556,0.00402239493916444,0.000799501443306076,0.037332918972143,0.0308017115757936,0.00214940565054171,0.00124749640179026,0.00255269444308791,0.0360614933685111,0.0695271638340602,0.000367017316812113,0.00436669359156841,0.0266522299173591,0.000445704630069164,0.000150827291190797,0.0110345745983374,0.00099497165397187,0.0414283137936542,0.0427613763397046,0.0298633379437448,0.128576851138266,0.00252037640212076,0.00059696640902195,0.0611669522029604,0.0258066726965276,0.0113263542558615,0.014490454702687,0.0140398684465926,0.000459494296417769,0.00265314419664636,0.020756294639994,0.0532294752666546,0.00856563878623822,0.0201519476966325,0.0322178592161208,0.113793505055027,0.000442990556323802,0.00423254058323359,0.00324616946051598
"bin_15",0.25765891511563,0.0259160152457944,0,0.00385950535731816,0.188485780965599,0.0318379823053815,0.11130563060874,0.0344265621970359,0.175216551878029,0.00415643455143953,0.0959762025828052,0.381486769556266,0.24488354455678,0.189485603020525,0.125122325911149,0.0800832252942312,1.48417994083425,0.0801269807583544,0.0144317732526299,0.280303005494948,0.0384373631136975,0.0499802074707501,0.15315128461933,1.88113364645532,0.00678242481401909,0.197322075746671,0.0783462815362194,0.109451656186984,0.0374234872096216,0.0205314377309986,0.0773421088559665,0.0205302248588296,0.584071639647778,0.0525643188772266,0.134828206944739,0.000147863139774785,0.0235566567739376,0.244519777419967,0.0201541463156024,0.0493649143533472,0.130709451437032,0.0269077451307982,0.208373198205522,0.0276082462966334,0.0448751351501039,0.102123626311644,0.0247076797693981,0.0183542422113885,0.0260060990176969,0.0673595452276066,0.0121852345531001,0.025888097001874,0.234460457794765,0.0423427249109558,0.00565857439923884,0.274933228909196,0.258414868905292,0.108044816665306,0.0155748252249266,0.0155909953956072,0.407282510005153
"bin_16",0.130554762646605,0.0927937236727388,0,0.00392175871371809,0.407983962912052,0.0224251749561592,0.1027116645583,0.0215782501365996,0.0630838443786276,0.0133783484201159,0.0359888697513777,0.566419090729859,0.0052904674698648,0.118286596931741,0.297088945595683,0.0285247685565833,0.0933678191101821,0.0628791758948926,0.00745562185971189,0.00694362994068126,0.195826451572006,0.38862748026954,0.143180493817663,0.0119108864826677,0,0.017430461858813,0.0137516657830141,0.0068121426230821,0.003230404379723,0,0.0173556350506004,0.58457361234687,0.0306610041546432,0.00983123081353225,0.258421341821585,1.01589819401273,0.00173913334927746,0.0435075363239765,0.00490140689895882,0.000371603271340754,0.0196444488351155,0.0217132312984646,0.0136856983024364,0.0373837122550593,1.05605778275586,0.233837211401997,0.0497410842573457,0.0253980899456281,0.0286470348550382,1.19008208731874,0.000783910975587038,0.03803626571754,0.0292942268373207,0.0125039996081988,0.121014244135515,0.0341648379039148,0.00601084410130995,0.0131076088518896,0.101296956429433,1.39167823307487,0.171089002646473
"bin_17",0.0457473334548283,0.164371862012983,0.101475383564089,0.506894610500179,0.176154902778066,0.0320985317368093,0.152858088210856,0.0764080362840668,0.0410394119505206,0.348437542590936,0.0197604727699305,0.200225481921058,0.00337623464028912,0.0811909654045636,0.127106136144764,0.0159325382902051,0.0340347015535903,0.281332473680411,0.0589593127982645,0.0742680098383424,0.320907236789592,0.0324883755719808,0.233594248301827,0.0808568827162231,0.0284240511443166,0.0415371686791437,0.0055045080697622,0.00900909938699409,0.272355481839907,0.256907789947453,0.325872982638381,0.6117068241954,1.88142063939947,4.25906749575649,0.0455819502306219,0.113594916634557,0.168160957841256,0.232979086565785,0.145875699959838,0.071874305234719,0.0454846416401928,0.122625290578665,0.0403055282050416,0.0183004350624465,0.438935725329048,0.0670722612682346,0.0541631943141588,0.00637746067541215,0.00113024744476411,0.176296646053468,0.00645067535953428,0.0206557354638991,0.00621644284929846,0.0137073542284682,0.321868731521415,0.0368782579610525,0.0108442053802923,0.0129470034736739,0.0400119917377205,0.580361005486204,0.221826474659914
"bin_18",0.0299922180522795,0.0492206833123422,0.00198464458226795,0.00133324777780099,0.153134884036931,0.0741366191976605,0.0375454754356735,0.0568009359402225,0.0388963429184474,0.183158195048148,0.192324023511979,0.240376329772034,0.0776466999295135,0.0882812504506233,0.0529850742588728,0.0358355261338512,0.178855789137413,0.0226057897198455,0.00717267348199699,0.237040469812609,0.0722925523497709,0.0115651649429849,0.0579900946377933,0.0441492925133534,0.0449445566460155,0.118390664324899,0.0753258752114323,0.261103551140468,0.0102413906806559,0.00105058105314059,0.0514937830292386,0.219079656069429,0.0037973222543462,0.035961052246943,0.0693207170400293,0.0672679912612031,0.0432093048971125,2.35701950771111,2.12806964616485,0.027055466493974,0.0598895643545545,0.0172926119451753,0.0658237872523493,0.154593116686125,0.00501037450297698,0.0545022451148883,0.0205203481869579,0.102858968456285,0.102751817841574,0.121060056285007,0.0648502938041998,0.141428699641524,0.196966458585584,0.05173580829455,0.00147715144192368,0.0632484858966828,0.0351332617959383,0.130241560207811,0.668790483704549,0.225496076125565,0.238111247102509
"bin_19",0.00159137340316078,0.00725632162183422,0.0293216756078668,0.0360864882345982,0.0192600358305499,0.00612833212154181,0.0033311680674092,0.00137850163350082,0.00548777077230953,0.009237837098819,1.66897421949998e-05,0.00297508667349533,0.00101048506506087,0.00658027131855877,0.00457863339837034,0.00170150195641122,0.084593609655951,0.0151968082228877,0.00198622479069734,0.0217933792198307,0.0209115808636332,0.00164844537747443,0.0307299000145471,0.0554693137939506,0.00172798608931086,0.000186169924215522,0.00114231176854908,0.253111360202574,0.0149098651372888,0.0206099649102842,0.000787855149832092,0.152992457752336,0.00699495188636834,0.200656475698024,0.0590224671154212,0.00183081321225505,0.0385051490072016,0.13715861192116,0.00692244850375656,0.00470657002922602,0.0352018309631684,0.000461592700500894,0.00186491220646331,0.0143993208342734,0.00211493890779514,0.0025546284875285,0.00381779484638427,0.00719222339423094,0.00414032355841767,0.0683479926732582,0.111446110422449,0.0291339137556364,0.0299895907110297,0.0024848506805689,0.0455920969153753,0.00734103766009001,0.012821020535429,0.00479251110454015,0.00406369019233569,0.000740519898102666,0.0027273868876089
"bin_2",0.124993871841011,0.386770724235096,0,0,0.764354383859302,0.166570784474586,0.0159449742909521,0.00143836852729508,0.601071710679557,0.00273058595673277,0.0538323302250476,0.51531523434798,0.00534975953026942,0.141251323268538,0.449046733613905,0.0564483554616687,0.607933027751163,0,6.46059585090422e-05,1.41004274862981,1.49201508393231,0.20697992999794,0.129627870242059,0.0421893939697072,0.0985094401359931,0.0020265002526755,0.000699497140101665,0.00252671273319004,0,0,7.61472071707826e-05,11.8183054214987,0,0.605781089940551,2.13299965791532,0,0.000717770685468147,0.0105593616340366,0.0010475774755529,0,0.298515490482956,0.00141702784124354,0.0521517218962965,0.12767458400668,0.00509996063641432,0.200742058017335,0.269185759073084,0.000299081596363706,0.000300042338000491,0.8939322249419,0,1.21877176963844,0.0291555330882613,0.0742231058932469,0.000556402976729712,0,0.000869102950629315,0.0183320342681731,0.000995828433293565,0.0565959754963221,0.0299730008949202
"bin_20",0.0169051091117496,0.0751954767381616,0.102785728014733,0.108586548725284,0.0419619187699015,0.00150683064223395,0.048398582915903,0.00813184053025277,0.00927845158737607,0.100885616218595,0.0198011501166537,0.0538843087736544,0.0109525597322897,0.0426539624061607,0.023310908794755,0.00363506813352481,0.0143640278269972,0.0425080646438239,0.00606795517890295,0.00256816183446934,0.0169216924478571,0.00216499619938711,0.0771456558855359,0.010903956775733,0.0594979420289583,0.00337810471551891,0.0189636809270205,0.0029576004018957,0.0382146202675914,0.0821847224656192,0.0123925524637545,0.0489959348472168,0.0311556514348162,0.0759751567133702,0.0036403525301296,0.0993220767734238,0.170640437194327,0.0344276126896284,0.116740380748958,0.0409861794563994,0.00463228710285838,0.111671306692142,0.00452893332863622,0.0116853257842616,0.0167078796228316,0.0147775156428115,0.00635195732851009,0.129181866566934,0.14214707590006,0.0131288388325543,0.0160943146428016,0.0281820833212994,0.0632958400327653,0.0209194785871198,0.106901729679486,0.0505737059221856,0.061792180712215,0.0155213780447448,0.0131665582762725,0.0246505424013985,0.0497815152898385
"bin_24",0.00229380523976049,0.00619105080408746,0.000118368494847332,0.000697251567951931,0.0118459105739992,0.000678220544144695,0.0045555761951665,0.0037201907555345,0.00306794182160001,0.0141199614178076,0.00132810189360444,0.0065116052452282,0.000299270106125199,0.00585683741297339,0.00428094402212615,0.000274995473587918,0.00930992745499404,0.00357126981635606,0.000501436275132231,0.00185156895773924,0.0124851322837328,0.00172977672414597,0.00766666405127653,0.00472007982394733,0.00360644156016895,0.0238282329364025,0.00055971531826376,0.00163149582111536,0.000593343378964254,0.000228087978529053,0.0101623759513056,0.0405707772547293,0.00044901847134095,0.00267322130365339,0.0649895910828252,0.00351321100191783,0.000624675240683607,0.0112506335033134,0.00296862417556344,0.00130151160318312,0.00321084902758853,0.00323774243940062,0.00153668079486945,0.00205190895879589,0.0470498323675337,0.00825581688666614,0.0100562319022303,0.00227944936961496,0.00254894754826479,0.055854398826325,0.00052085065132611,0.0100501358891143,0.00260717269387696,0.00304741925256258,0.000689857705878482,0.000439165655475627,0.000402000279070057,0.00119783268544169,0.000710798227966031,0.0759838801738133,0.00326521982743853
"bin_25",0.00860657742929297,0.00389831229967577,0.0100184780088352,0.0300368227942201,0.0343767222874008,0.00483392939859039,0.022045656184091,0.0264245661250028,0.00948556189803924,0.0588018869213061,0.0235121636832332,0.127505704851378,0.0282767893429269,0.0636263139787284,0.0716388138152,0.0191437768016194,0.0158101972538853,0.0936977468298177,0.0150853640588129,0.00323814406880874,0.0254360075516444,0.0113991994550714,0.226193339120776,0.00981254168368191,0.000540897902296363,0.0405127541734684,0.0102665590238336,0.015866209323396,0.0274317864730995,0.0069381737533005,0.0327592039789525,0.0229705663066058,0.00143660582065331,0.00333395961497017,0.0509809793452856,0.0155437448486845,0.00835685056951496,0.151388247045921,0.0848511609205627,0.0188866776260019,0.00372716545083021,0.0612304651480174,0.00831395168769896,0.00896369283148464,0.00809995822971091,0.0186708520023526,0.011139088569751,0.00685974603254975,0.0119601591504606,0.0128483022368347,0.00470547456505357,0.0366314585796184,0.0208323392660747,0.0108781104230082,0.0386252895210456,0.0820894265001665,0.1207043510973,0.0137369970298354,0.00425520179505744,0.166764260195421,0.0567687620822782
"bin_26",0.203690752149842,0.0524403781920476,0,0.00280758780978785,0.0883006463114839,0.0159984863234967,0.133260577282074,0.0559084169462233,0.0860061470371153,0.00240308908680056,0.126682051596549,0.180980299628726,0.0880163267805158,0.198493621503661,0.0678127143320189,0.0241258700320167,0.148871257085719,0.0102472680873775,0.00588495967097213,0.0526879448777123,0.0434292042229091,0.0482904945907595,0.0491861173349608,0.508416177472733,0.00320190786029136,0.185461328706163,0.0323347072346828,0.0133583553147761,0.219330471105923,0.143812451800301,0.0531662062124579,0.0196753419991638,0.0017325072717226,0.00747797955756532,0.0928518245791637,0.0303796743257969,0.00420720603050113,0.0961581939126756,0.038456412119029,0.0862572609487532,0.0694865959430892,0.263198772294896,0.0723032861929254,0.0649487975836343,0.0831219530243471,0.229141153585327,0.0344642798611495,0.0419507465814477,0.098502909312239,0.0402601437216218,0.0127355215219294,0.0423458619041037,0.0926218528738342,0.10389971713758,0.0223643667134806,0.234132478081509,0.274375847181597,0.221409348949543,0.0019904869730631,0.0410535458878855,0.072170703027675
"bin_28",0.011117491491054,0.00448400566675017,0,0.000639340162288798,0.0644447792595639,0.00111938522472524,0.0169441363743963,0.174805772373565,0.024002377351526,0.000279100910581016,0.0141788094299259,0.00760222055541255,0.000219816902825476,0.0145108608976143,0.0515145703103018,0.0465451979040916,0.0351230704084662,0.00949173515731247,0.00451590346184914,0.0299541512072473,0.0177563335524712,0.00161417939694783,0.0196770451782244,0.0237685361669461,0.00211755829828135,0.0611718281415519,0.00426349666964846,0.00107655531873179,0.0275437579056281,0,0.00770708161604953,0.0214738105958921,0.000443696575597969,0.000983776021175429,0.0045017973846809,0.0609733833903477,0.104093419123537,0.0118112145706985,0.272810676843302,0.0192638755359287,0.0477878272769173,0.00121038895219844,0.0175816576612748,0.0472027766883568,0.000286706751009465,0.0283290890116787,0.0122564736462038,0.204361155457583,0.168731842574072,0.321984825592862,0.0158703310348842,0.0348116353534647,0.0499681045613223,0.0026448804651886,0.00452687359207209,0.00465771166339898,0.000967934294628648,0.00360133386196552,0.000161883528335678,0.0734085677125464,0.0396423493777555
"bin_29",2.49497719641384,0.0409984757306063,0,0.004668017003335,0.367920618666128,0.0114837990423934,0.616163799166688,0.107986977627489,0.0803965979662731,0.00444350420477087,0.28433755858068,0.179888038707021,0.00574197612060432,2.90847517980648,0.000867829215346458,0.000843336318961764,0.032553146746043,0.00252780629046238,0.365022677597071,0.0192021539160963,0.50924010136257,0.271828750104196,2.21565699448114,0.00330838732757497,0,3.09119072889941,0.0501389617873749,1.22420851461823e-06,0,0,0.00101070156270826,0.776650107010623,0.0718440416844085,0.0151836745029033,0.0415023302361355,0.00195711661751781,0,0.0237569028030481,0.00127537373684544,0.0144447472515993,0.0322112759504075,0,2.20024396884419,0.0137208108820756,1.78735211723045e-05,1.78810970960498,1.34981559714283,0,0.00125768172312975,0.000906843685512142,8.34493757351551e-05,0.0140292586395502,0.00600429360336022,0.270257008699506,0.000413144956970892,0.000236219987430535,0.0100177274506997,5.24552390284838,0.0024048455052549,0.00303799134554748,0.013838551265376
"bin_3",0.026035618549751,0.0200209602231579,0.00272362568499198,0.0125355326441823,0.00395312210505431,0.0077991842101713,0.0643085397487004,0.00619002266958574,0.0320706693833715,0.124707799712631,0.0576935977490738,0.00261416718627929,0.00795769977380593,0.0248059077621568,0.00588179127968776,0.017664114298491,0.0122729534151378,0.0118440659611662,0.000524675231450709,0.00402873133634782,0.00706723713041592,0.00272848512959228,0.00246695631337799,0.00235416488402889,0.00187556519604914,0.00151026009316387,0.00544061557823017,0.00629443718537945,0.00162004373192025,0.00388688937089868,0.0764776350711071,0.0238967260734183,0.000775835384840886,0.00159274721036019,0.00631119674070379,0.0118528152969832,0.00363513183957582,0.00726244047872244,0.0384734952444211,0.133515714577529,0.0077807338740112,0.00439386870130954,0.00193765654077248,0.00173140023590574,0.000208968441257391,0.00190757460806039,0.0237701668502206,0.0098247516562258,0.00765397589563372,0.00741342814590721,0.000508891853393813,0.0406722715367148,0.05497126573567,0.00591300130119687,0.0267357354054028,0.00451842116384598,0.0750833812263341,0.00466302711881816,0.0223374955822432,0.00437628432934093,0.00687905884694157
"bin_30",0.0241874058890173,0.00746939130078656,0,1.90164638162726e-05,0.174378821626241,0.12006910808987,0.0205908169668101,0.024492846494584,0.0112107411198738,0.0130700715698776,0.00369315338746788,0.0290067532477613,0.00898067139115859,0.0503284627328976,0.0202010439789501,0.0112328688263848,0.073413360153711,0.0326056587050844,0.0019017193470821,0.104909665578136,0.00551129031422307,0.029145462855005,0.0134601002363154,0.178901132124093,0.00197490989463771,0.0306065599646511,0.0132842188093814,0.00703297767826547,0.00752394305316895,0.00182523398590725,0.00770999532011902,0.00985519062051677,0.00250264372407525,0.0110803903735979,0.0172489954971832,0.0232517905509968,0.00122494325441817,0.321476986760373,0.00504944326901155,0.0340802178158652,0.0619428330929253,0.00435623462885861,0.11584001480653,0.00500628654148507,0.0138756712893038,0.0592328469411981,0.00204658705353492,0.0175295824416094,0.0319090118069007,0.0680701229689949,0.174829325807204,0.306275536423153,0.214261585175223,0.0825472866759882,0.105702898810307,0.0753787009627791,0.0725520168115276,0.045815652618603,0.000205857429528976,0.260013256144661,0.154564042224824
"bin_31",0.0303974865997889,0.0292987170592554,0,3.13588749854461e-05,0.0785269178991983,0.0122505036195085,0.0207200906496886,0.0133675601039534,0.0451625443297693,0.0043012631246029,0.00765387605449167,0.0537763504232552,0.0352403632461772,0.0705310311146173,0.157993957302302,0.0243551459168806,0.0401866509626528,0.00871465686311611,0.00284538445693472,0.0160946324626949,0.0130951351778428,0.104390838066322,0.018960040076608,0.032967069134353,0.0145556837323095,0.050040604488579,0.0277774210827455,0.00732508195770915,0.0241830026051397,0.00917874097788668,0.0179506318683717,0.0325440979595586,0.000966490296944328,0.00304473832335052,0.0276147198695288,0.225495056085416,0.00250130866050418,0.158351457203859,0.0969083987916349,0.973514975188097,0.121040163049749,0.0299004839936826,0.0265316957441981,0.0279217789433402,0.00633331468842151,0.115147424203111,0.00799239376332929,0.00555129938335935,0.0108365639812413,0.0128207329480429,0.00107724113649887,0.213596222372383,0.00927869189517479,0.0436963128788073,2.87520337780946,0.0122679336019038,0.0107078269933342,0.266545937482054,0.00244585780397458,0.0214902299781958,0.0301304769357171
"bin_32",1.6273169970132,0.772381113057731,0,0.00538186118766736,1.76089596765372,0.0971172277146428,0.917378959364542,0.149476942901495,1.72398756909741,0.0166585177649588,2.28139601132493,5.6986890317776,0.0276423298115632,7.12694326558062,0.807039253848583,0.302591542226321,8.27056066912952,0.570261538651075,0.111391768911365,0.0146492305757556,5.03437175883337,2.87471974126756,0.150040067966788,0.00377690706207133,0.0427648153857581,1.71261927889651,2.35745983890671,0.00991593448221768,0,0.00870101831590994,0.932005926656089,0.0263331668836229,0.00742620905076391,0.0129081859473246,0.779051800321706,0.00358545888890684,0.0023413314939096,0.604102474167508,0.00366243324200112,0.0403077233419289,0.0418462700470927,0.0167014141929373,1.08150787610492,0.0135330669427208,3.03659458391241e-06,0.457859953671119,2.09074197628634,0.00735675256335147,0.0488733695566326,0.679479326123145,1.20220358223234e-05,0.139028069040977,0.0467135208676786,0.067702266254157,0.001901431317574,0.0125547114585339,0.0253874736587493,3.52220666594622,0.00138637374742659,0.00267979399068657,0.00123581609561396
"bin_33",0.021742629985889,0.104857602343991,0.000600639510346147,0.00044794288885848,0.103581874475498,0.00958973570273947,0.063312145168399,0.0308665550232524,0.0223014712830653,0.07791340135332,0.0106416068601212,0.0449639336415027,0.000532626736717032,0.0285800709477783,0.181653626216159,0.0296720597478257,0.0156530321286871,0.171601108779772,0.0444061091172399,0.0104999572688755,0.219708155451659,0.00831781414544522,0.264011333627252,0.0100463451600538,0.0209677377368466,0.00812780684473803,0.000290298117234719,0.00210343605590723,0.00304613416358966,0.000436837097978769,0.0689903350167264,0.439437180196042,0.00124074205462718,0.0107226025066854,0.0174803501140866,0.0546358560124391,0.018279216391648,0.0126815178674176,0.00958129480607403,0.00686539048515537,0.0224623241564653,0.038472335589259,0.00741332973407322,0.010191780278762,0.197981043669127,0.00365730307999366,0.0431656166694606,0.00207337572143584,0.00020974297773375,0.0555878250586075,0.000198571357802207,0.00041089918331048,0.00180686618450079,0.0039238697081293,0.000153044101107919,0.00122188379726468,0.00180158703642398,0.000805352173581563,0.00523128662864186,0.00719256622364775,0.0380789383563002
"bin_37",0.0206887116088051,0.0479309280434635,0.000705540423770268,0.000754587730754315,0.0505413201651581,0.00578098252252982,0.00402328703732424,0.00956227565411273,0.0289636158253489,0.00457812491053822,0.0390351362577294,0.0050616790321527,0.0230687367614132,0.00991022467545328,0.00372493827102928,0.000708236769290851,0.00436117760539197,0.00408166206362608,0.00870108159989932,0.0261045239488981,0.0104448265876268,0.00355949414235889,0.05845516960719,0.0007632374618663,0.00131181206464486,0.00485756745728342,0.00162637298710895,0.000297772835771902,0.00470550985743951,0.00153489885778748,0.00430383123051642,0.306028716921525,0.000378913951690863,0.0461949343375395,0.0299072723879749,0.00129742940741226,0.000856754207476415,0.000392806685109762,0.00165249111987897,0.00357360080119065,0.00999381417572449,0.000895468562676268,0.00782758678408554,0.0156349571656698,0.00287853098581567,0.0116077976264998,0.00477730976768203,0.000444620369510116,0.000611064782832073,0.0106019176439467,0.0317285395364105,0.0494545115913173,0.034047985526371,0.0209982059886954,0.00117900916264827,0.00527493613017127,0.000315725645535863,0.00861151436220331,0.0128956864462649,0.000492120881736952,0.00549119865691157
"bin_38",0.000514589719262832,0.00133852206699164,0.000250782987421791,0.00136560340844008,0.000223681829763448,0.000198000631785699,0.000606591828922042,0.000374593836533027,0.000371033939974087,0.00586128103543419,0.0104328323460976,0.00769969046072054,0.00014850602358604,0.00148481040728154,0.00222577616848116,0.0109498390953458,0.000243413974975113,0.000295295799291667,0.000581631662058331,0.000630220345825821,0.000579018835982895,9.69862516080816e-05,0.00750249936307097,0.00055765585227445,0.00174536501591561,0.000317036955063013,0.000164827568990741,0.0135622292641675,0.00152251899025139,0.0157253233584747,0.000592358506990375,0.000556352252208889,0.000578300402502287,0.000442235078145883,0.000147153162543542,0.000478239067383598,0.000743674123403611,0.00127529556038597,0.000710623552127709,0.000629794264113743,0.00162321743784489,0.00439994338426582,0.000179279669675355,0.000137649951522819,0.000397112168094644,0.00304044397463915,0.000143159132763297,0.000264130680897437,0.000174219199130425,0.000194803020377235,0.000422916400698949,0.000533723524890616,0.000390873282115591,0.0001768740918378,0.00422926902384141,0.000239155776590107,0.000625519089957137,0.000503628291288958,0.000390169005744954,0.000719948831488675,0.00405424087829043
"bin_39",0.0684812251172533,0.0317481409917171,0.0026908868739841,0.00297265700463308,0.0422463201032346,0.000964657327135917,0.139111186397455,0.00520011545538089,0.0204114740397601,0.112057546760742,0.00819446291161912,0.0153234559105381,0.00277731509281246,0.0570320024150004,0.0482861596320773,0.00428963585524695,0.00624368383277779,0.0204765867900132,0.00459234147431119,0.00697966414998991,0.0182663743556518,0.0153089339338745,0.0214912316013769,0.00414313828148885,0.0128096191386921,0.00151015640258166,0.150278331275514,0.00490045438128719,0.0030366082356846,0.00330244490327913,0.0541294318515283,0.0340526490635509,0.000523757516513057,0.00257123176504984,0.00430349293439592,0.119358987968686,0.0317839739728717,0.00806124093594351,0.00639320999351904,0.00539222575950321,0.00181208908241734,0.00277197740480372,0.0021590868172962,0.0365647488184629,0.00255145606219722,0.00620605441652423,0.00778218468182042,0.012113961514819,0.0161376518766794,0.0173017480436768,0.00248130948939685,0.00499525557780292,0.00713766577112756,0.00339957377976893,0.000794595080212812,0.0027204089868198,0.00668618651097724,0.00260295254460099,0.00117813720425732,0.0251276402435692,0.419564596493655
"bin_4",0.173471730754256,0.0671981182105299,0.12938153143171,0.131479730210152,0.201165111940286,0.00665710279926573,0.26643954115033,0.488460378394469,0.0700663442698717,0.0194095495411478,0.0963573472691205,0.199427901239123,0.00245303562819778,0.191692900554544,0.40182849580743,0.204070596086434,0.206729421551358,0.0134370776381214,0.0494446135793299,0.356572940701123,0.21917783440755,0.009993087104372,0.182927087389072,0.300632296521067,0.0151207765208732,0.588563215423585,0.0642341814580284,0.00880023722544124,0.677088004047605,0.004425194273332,0.218344759564319,0.226179521588137,0.52085099411384,0.284600035998069,0.0203461463849077,1.01723688000041,1.59516979807408,0.0565244180557002,3.97026692909368,0.795057341282386,0.157394915059267,0.0127683808976627,0.2003632868185,0.940292601613921,0.000904945915092025,0.0750784969470403,0.117260010029026,4.6299644141559,3.85420931801271,0.323129234384882,0.396092674460722,0.438832434521983,0.805114907743526,0.0242134983686467,0.270266471334291,0.0805121577481685,0.0154352836883681,0.0525745302450541,0.00589905652011866,0.0631073696187258,0.1883315950795
"bin_40",0.004529689208318,0.0188632997718467,0.0497545104549398,0.0389576711583002,0.00125132740978779,0.00157463636590784,0.00373389688653551,0.00464238603111662,0.00376842742183276,0.00735504345914662,0.00172064863173483,0.00854335312805113,0.00148130381117828,0.00210948785770747,0.0279832378670569,0.0026816727393611,0.00576667266040858,0.038837184633741,0.00189120356771188,0.0112567374888818,0.00769621599267302,0.000797798213458156,0.00928628632463253,0.00531655524084911,0.00102866446191354,0.00448740063057873,0.0028618906658042,0.280997059058935,0.00224599094411332,0.00423451772175494,0.00109508841118001,0.0211144756109257,0.00168310071849242,0.00682377620247366,0.0032547252155394,0.00345535514915257,0.00582410569261605,0.00345037790183162,0.00575180651652662,0.00275877602753145,0.0330600629960032,0.00222418111583799,0.00755119192335552,0.00226572319368903,0.00130592925129883,0.00179569642923531,0.00500486114970215,0.00190423260821691,0.0010763279731796,0.0239014097279394,0.000660638209854816,0.00181237544354905,0.00264963847530381,0.0031158841543482,0.00145841017702659,0.00343288718747764,0.000874098587563375,0.00223347965746242,0.00190717365885993,0.000631643767020595,0.0410211454929681
"bin_41",0.0506990476815517,0.306229599593867,0,0.000171366761246279,0.203128196957648,0.00467858507971375,0.103419958801008,0.0228851422108057,0.11787346337345,0.0129309191874223,0.0520954833919183,1.11926018104396,0.00325709390018538,0.042701916431776,0.786138184987834,0.0868034399503017,0.0301773208574313,0.012290224636432,0.04239143211559,0.0925448400580027,0.430065837820448,0.0653882116698622,0.231059817865323,0.00340784772052594,7.49377388359778e-05,0.132476784667108,0.0137918617849109,0.000690083056083317,0.0534807045993484,0.0133867666259847,0.0177846570112116,2.03488518962618,0.00407912133803071,0.0393445953458681,0.844919543600228,0.0249280097386038,0.0100779657194416,0.0583594264191048,0.0525315783364962,0.0317183121802415,0.102295379493313,0.0018671458721564,0.0430227136951679,0.029107416900398,2.41892018357296e-06,0.0369750793501075,0.0937806195067475,0.060439871678964,0.059431527623045,0.00298280909441996,0.00211347411550993,0.00423274816128231,0.00403217920036592,0.030662310497365,0.000406676766763256,0.00176319925175459,5.46151895961241e-05,0.00957522798635489,0.00221053958608101,0.016667983305733,0.0270088863253412
"bin_42",0.378924760612714,0.550180067732348,0.484358141419563,0.228161606859013,0.341687055024121,0.118550047531399,3.31925304888739,1.27225144148577,0.353464355231784,4.441411040011,0.0453737143332286,0.703784035481801,0.0067720484165794,0.131944446381356,0.547027083820097,0.0622971884169193,0.0593398287332741,0.731424770894997,0.213566221913043,0.09079896336429,1.34482615493847,0.0132490001843865,1.03346488195534,0.280859477325819,0.133296468145867,0.731827525551612,0.000291415993104916,0.164375527957289,0.085566189351298,0.186380930024557,3.70321943913737,1.62622392072137,0.0716161119977272,0.0736375020140186,0.13458620325888,2.23816130570069,1.33822289409125,2.45507331434218,1.99698351051258,0.119053877131993,0.016790071821685,3.22822340555162,0.0508879073302151,0.105564683967794,11.921093356015,0.0536546986684852,0.147205065241794,0.167603385632375,0.00185184293472554,6.76086533117975,0.0127992990963142,0.0228630047566815,0.00386676320489039,0.214231181159371,0.027089148323538,0.00796260718846233,0.0178444757214745,0.0290064912989268,0.446579233907462,1.71398679158155,1.17344614357715
"bin_43",0.0152818292664961,0.10377043636514,0.115993827249784,0.124005230654496,0.00893835867203516,0.0032426838148308,0.0447108045959054,0.0285758192585035,0.0272079494348666,0.247522231349682,0.00090942752483131,0.0131676345823742,0.000623361411366357,0.00533963941574098,0.125384345010287,0.00590009091003615,0.0122146412045318,0.12368056605432,0.0170499501764687,0.0068147797393189,0.0222365490402894,0.00284778034897231,0.0611082483930062,0.00942098402705862,0.0150783241584482,0.0141875571587447,0.000126686526032017,0.0102320172580491,0.0363271502631703,0.0502350677953261,0.0649507820566402,0.0385064220677898,0.0503951411786123,0.179272699591482,0.00290272832172759,0.0434485296205019,0.0692921236397248,0.0395194843633833,0.0403069889701784,0.0102529429915328,0.00403836292387264,0.0652414313021346,0.00498541489360464,0.00198318888806468,0.127103751383331,0.00434348719638658,0.00345700827353222,0.00224041631172372,9.11724409608331e-05,0.072338566304689,0.00195537703868103,0.000873788711221501,0.00106046839473172,0.00411373297618311,0.0764776489884309,0.00229617834266607,0.000888798984517393,0.00059899196146479,0.019626553633227,0.0326908083443617,0.322209658658534
"bin_45",0.228385369584168,0.115461620174005,0.0141597139756153,0.016325029999055,0.054754904702192,0.0332297944990663,0.126057334592572,0.294887096354904,0.0701889896020339,3.35591715683954,0.00886423259180628,0.0188154493702433,0.000724607906964565,0.0145279957774976,0.90973397129803,0.0727631914129136,1.93173153683969,1.02638345689997,0.1079852065162,2.06303203205455,0.0424014431762302,0.501625639271728,0.534779602624502,0.0423796718792222,3.13135920332108,0.814796046707419,0.00380668426263371,0.0098452045630999,0.701355380282662,0.0150249987754122,0.0775126844695262,1.01455451420423,0.00567714375885614,0.015709146873433,0.0160799689913513,0.0184035147353687,0.0253276371733295,0.043161243828422,0.274052754079238,0.0174032789606521,0.020446358719765,0.0670929568187444,0.71120074552173,0.0806499323625089,0.0166184759357858,0.778828534722434,0.00460187439012594,0.017871890345852,0.00499592329182137,0.34563031248655,0.00258435461841736,0.00110107194969782,0.00118447157687599,0.0921630354351965,0.00170018708430226,0.0571929936025855,0.115669220886447,0.00476813928318206,0.0308830786610357,0.414177888867636,0.788371183534402
"bin_46",0.0217490489959573,0.0521451743679367,0.0718775271654141,0.0517037533083155,0.0140152733311407,0.00325545287656144,0.0359044884834616,0.0261749340501394,0.0166277938232644,0.172031433079314,0.00517852269786553,0.0242140538069578,0.000149647689839982,0.00746603447080292,0.0415274833183678,0.00304387428307245,0.0598024526651952,0.0733016154834944,0.0107118992490882,0.0900488646106421,0.0232442040186795,0.0145578761795998,0.0595025126704148,0.0115177979834704,0.10191886186598,0.048056233916444,0.000316185610872143,0.0135654024179137,0.0349136198884361,0.0186412738201508,0.0340205901496359,0.232258582768666,0.0308808034714794,0.180438019609784,0.00342137706407621,0.150823498811934,0.154647175675096,0.0515895475805865,0.0604837797322744,0.00358152659389098,0.0118034619783791,0.121027074994457,0.021804702759531,0.0113045250026925,0.109710143062147,0.0295192502868927,0.00491032606580124,0.0160501647754078,0.00387256892755047,0.131720172157459,0.000964978070805146,0.00170267861926707,0.134488109601002,0.0100360701939549,0.300212878184352,0.00776396170804606,0.00547762917450804,0.000619132822653426,0.006525250461176,0.0474738666323299,0.137112408404451
"bin_47",0.000841838673585856,45.6154020145363,1.12228294317833,0.117819402070064,0.00682985205905981,55.652388190739,6.22528557566688e-05,18.6858696568795,8.47401175596193,0.000451799930344018,0.428253268669675,0.000695939144751701,0,0.225204160119695,0.000378341751891527,0.083534878823229,0.000471423834505135,13.2726733083454,42.5091486646541,22.3608483854191,0.000146040883923791,0.000277099054358869,0.0800629660750936,0.00846065196155994,0.000299702150058276,0.00452118096858463,0.00062943346247201,6.34559668320888e-05,0.0210341612450838,0.0326104637147785,0.000163710347603945,0.00762608717890701,1.18750387778855,2.45691283889061,1.80131150141804e-05,2.35900656443048e-05,0.00932681700641386,0.00460638369153014,8.30608304675855e-06,0.0620483822760612,6.85398081738229e-05,0.00775190413369098,0.00013561361175176,0.000165230957603466,0.0575143586316089,0.0368393845554938,9.27099051323232e-06,0.00099393475636944,0.00117645523411145,0.0652961176488903,0.0166883949896083,9.7511436606243e-05,0.000127062552961288,0.676269086846706,0.00152812517091311,0.0557892992084566,0.0836298839889479,0.00817087380172245,46.6772053146853,0.00526469079149911,0.15819383947888
"bin_48",0.0236800894016002,0.114566802994329,0,0.0035389214274555,0.198832952094605,0.00224521312840169,0.623243988983718,0.0177805284045881,0.0106047855815143,0.0353587463287938,0.0146671940442592,0.0444994064448554,0.000992797534032937,0.0224817237984882,0.00782196231512939,0.000675388453665079,0.0103659041301448,0.0235363931721763,0.00375679968368149,0.00167157487406786,0.106492516758858,0.0029632771528659,0.183528223903211,0.00374826343117493,0.000868955015480448,0.00719133375240143,0.00204662085664317,0.0845753503932186,0.000727068490510195,1.73407390369094e-05,0.0326794746107534,0.0117726457463434,1.90866873229726e-05,0.00131265795473835,0.0289810427737052,0.00311280809864823,0.00441013839403616,0.0099195351519874,0.00565649364655374,0.000472584082065267,0.021929466510901,0.0428365152367229,0.00655311325675973,0.0104363186204026,0.0651652644243366,0.00451675360451334,0.128738038954804,0.00215101576246995,0.000336506186910469,0.00736227972793034,0.00019544110653413,0.00224752175041241,0.00187522317204035,0.00297779410258926,0.000503620657193881,0.000507948936211981,0.000589724685896511,0.00299441138479663,0.00272738873460619,0.0144722001241293,0.0227556206381739
"bin_5",0.0206346033247443,0.0151361209947987,0,0,1.00224933369069,0.443169709873072,0.0413803941633677,0.0380026777562931,0.011715725956839,0.116862737120401,0.00412964785657043,0.0315930078053625,0.0415070603280421,0.154211291986386,0.0542371662111497,0.00826322147169313,0.155014982071098,0.0106176480271795,0.00218010590827741,0.0332392774839056,0.00274207834237979,0.0104994271670847,0.0370371907922318,0.0961877909230206,1.71267419496549e-05,0.0235705714623058,0.00440950565483781,0.00502967015236663,0.00299394588785952,0.00722534755779328,0.00200250323247143,0.00383171520028629,0.00709101476139669,0.0379386079752228,0.00758165704910226,0.263941649340675,0.00608947996144423,1.21889088814036,0.0054414853381846,0.0157477147302915,0.0476546846018764,0.0315960246910811,0.0226121487003518,0.00279459905553842,0.000523179095677575,0.0150730807317551,0.00200052075501288,0.0080840960825762,0.0102560056514484,0.0152093340002301,0.00836477751584186,0.0239555511051092,0.0658828860726806,0.00688832141099929,0.171971659964984,0.015162237189174,0.00579930662498569,0.0164231236183491,0.000256270018841713,0.0846575680004289,0.154336763283656
"bin_50",0.0579874638743653,0.588421430773722,0.00953219851729848,7.92232052734485e-05,0.00219384917418474,0.00627465430863885,0.0737404239978884,0.00102840152295531,0.0245420564113845,0.627901198768225,0.951289153705764,0.0134527709564966,0.00113066072023567,1.15235389840354,5.90871050550332e-06,0.00417681499664538,0.266981542403828,0.00115198010100824,0.000476958604684976,0.000136553924548623,0.874189374231983,0.000934921442408781,0.006653848702132,0.000166732275484959,0,0.0726807928503491,0.0017778484324197,0.0785050528126263,1.47243275442764e-05,0,0.00027532792360358,0.00490831720485575,0.00593277854392881,0.00090808947100585,0.0104795961877579,1.34897994404284,0.020900087995967,0.0212208583723904,0.0120828789486667,0,0.00319623612772769,0.149802405525017,0.0540926197927798,0.23647215065741,0.0276605428376683,0,0.804049655748419,1.95025821095376e-05,0.0011979172938943,0.00383202545641035,0.000516333898175746,0.00213892272708358,0.00220805075838617,0,0.000554609700116612,0.0549542658153962,3.8168721090317,0.010961895388145,0.54316000253176,7.77728627239205e-05,0.00107932369494245
"bin_51",0.104884280327937,0.0391018075793549,0.623746614094005,0.649558491230146,0.0249386458637905,0.00467208671400325,0.0435900893893727,0.0153909086357914,0.0239818387573317,0.0116790302666104,0.0872098239032078,0.0434810574186743,0.0432603298325385,0.0742627493986634,0.046685271797525,0.154019774237141,0.0281131592567983,0.00742784292110613,0.00404857478229946,0.0308318070676018,0.0184753098394049,0.0145454908909002,0.0207032669159148,0.10478305220185,0.00311050059455909,0.0444279991241794,0.0393161815538189,0.0568521198314478,0.0286332166482834,0.00597822111705452,0.0403764676799479,0.0200697398533821,0.000367819949462365,0.00552733532340189,0.02091306398202,0.00387512054833277,0.0040201604704351,0.0159945614390017,0.0082936791965394,0.0148450885349315,0.0139086294578603,0.0906986893274442,0.0426566946114373,0.0250238224414787,0.00762976260758936,0.0638152095532478,0.00530125018734623,0.0145636445559517,0.0180308037604023,0.00901371810267176,0.0503827915310982,0.0697257123287198,0.0830725502768537,0.0441240885860009,0.0073584171975631,0.0908967754841646,0.113365457096021,0.052403269566063,0.00111091190926392,0.0449734231542954,0.0304513628638472
"bin_52",0.0700418954654983,0.0127131244291895,0.00294780400911305,0.00398979522765987,0.00386125506487003,0.00240337998371475,0.00367642413214448,0.000730458486499867,0.0125088414113538,0.000723813899423299,0.0435289945173639,0.0012876845984729,0.012489737468619,0.0061241592221949,0.0183943766144056,0.0762363518441587,0.000243613194499419,0.00457791902867033,0.0111678609013114,0.00110340876025221,0.00656192832770715,0.0416239358452103,0.000197842002755999,3.14032383301032e-05,4.64349831226828e-07,0.00986067577068609,0.00454055675345285,0.00116119711283423,0.00142040691379639,0,0.104544499166532,0.487562168094507,0.213381205924266,0.113170201920129,0.000932745086955974,0.00747314669168185,0.00901287862039167,0.00145480189516708,0.00807409304393591,6.50700744727685e-05,0.00513270280315116,0.00132156653176756,0.000687183042549411,0.00436169860635171,2.90109292624233e-05,0.010884802866309,0.22765557330325,0.00160289528614067,0.000213101589381767,0.00265939632604261,0.0152799456850971,0.00191346475043371,0.0422796561687009,0.000136203105388895,0.00884015660961908,0.00159995256574463,0.137305939330015,0.000369782886231505,0.00844944271239619,0.00111936726930563,0.000138986625394551
"bin_53",0.0528931817914462,0.00845829832935984,0.000107980146481857,0.00201116641082831,0.0110848744697052,0.000133369761117438,0.00094530922508369,0.000673196143461505,0.00517767418126333,0.00121868993070556,0.00262918976194637,0.0102898270282617,0.0015921918788249,0.00449841508304676,0.0112410222709123,0.00355398009583418,0.0218810557666626,0.000511296422077481,0.000819590404302471,0.00192833045763107,0.0097995417959257,0.0261315035633022,0.0297960340549626,0.0075999136729597,0.00380550235415672,0.00408447859762765,0.000819058460470389,0.000470936644426536,0.000180279804879683,0.00070877899228317,0.000750727570450851,0.0102286741266146,0.000261043945101061,0.000465463739268566,0.00119649642531014,0.00015962641419187,0.000148998871202197,0.0156068451660808,0.000894678149222423,0.0150758246107929,0.00749656620269492,0.00613623782179564,0.000378457071599743,0.00617292908816178,8.77240293453252e-05,0.00155424441850164,0.0195375002315195,0.00172937311300285,0.00402620200939736,0.000133878921948322,0.000655653330995583,0.000460817608505591,0.000193419173292106,0.0017838488170455,0.00118648014851806,0.0278150287631933,0.00139387553011497,0.00857632820945032,0.000312039443818696,0.0414150029051816,0.000589868931561816
"bin_54",0.0107357842786484,0.0375788458353181,1.24860349667193,1.17409861691083,0.0234936161791322,0.00624473929410101,0.100565792552429,0.0290701362861784,0.0211103266904413,0.285520802104197,0.160127629910052,0.568442683875491,0.00945348245565046,0.0466063907376575,0.0880152536879215,0.0230060934074263,0.0344387777356878,0.0744886486880574,0.0133570698887711,0.0270063259237606,0.0299127093848156,0.00937008710550779,0.150425334911047,0.0447320271826628,0.021007358122662,0.0539777392458274,0.00935284486290255,0.324629608482578,0.145101020067478,0.196607858000603,0.017940231976539,0.0287697254613581,0.113807314442565,0.16378137884619,0.0340488872342583,0.0566356028136328,0.0924101248441166,0.0472837172533364,0.0765672087226233,0.257338239882097,0.007154777787421,1.00034350929673,0.0272070711831928,0.0274768426425665,0.0592376264490379,0.212025906923399,0.008609116319279,0.0625360097007132,0.0642748157204448,0.0214101832394062,0.0156441584286432,0.0227352217817505,0.0203106134673848,0.019948288917445,0.0299372947260588,0.0207746192356791,0.00174930019947668,0.0120717185027232,0.173951149145504,0.746840105574976,0.105930113426495
"bin_55",0.00135300246636399,0.0118926998670394,0.000137682694772306,0.0236567434396451,0.18247685989704,0.000425597377053569,0.000203823087237755,0.0270152787667625,0.00622454111423693,0.000229941257955367,0.0038231471185979,0.00208259956633522,0.000292785525084169,0.00624538510439487,0.00212114359944166,0.00045083432398548,0.000530566252143054,0.0251626137652011,0.0036913778797546,0.00215096627759394,0.000402126241936659,0.122854252122127,0.00284796219172372,0.00408466220193453,0.000117893273780921,0.000146216373986211,0.000255861301324499,6.5882169625364e-05,0.000384154892660767,0.000483067400442877,4.64442050909327e-05,0.034966532071606,0.00169985832016029,0.00722403949132602,0.000273267748561615,0.00130343000591576,0.000553600563042207,0.00357174226874801,0.000259972176209597,0.0311397384892594,0.00222496441277213,0.00211108176078654,0.00119824590738463,6.10552271985757e-05,4.61509903072209,0.00540797526912921,0.00578284608435058,9.0506302232936e-05,0.0244934325438858,6.37505127752849e-05,0.0057672928819589,8.30265275155182e-05,0.000924515719122173,0.00274990781988349,0.000438074367921675,0.000669570274048597,0.000231291138538283,9.39397137875115e-05,0.000240242028096765,0.0584061292449576,0.00197200585158567
"bin_56",0.000950825419513312,1.16284486269246e-05,0.000514113502524544,0.0152628638812516,0.000784404402873216,0.00366594416786115,0.00834695313052477,0.0107429383353796,9.96523819897107e-05,0.0190606199625695,0.00342961047677344,0.000809785651772599,1.0763538050275e-05,0.00171551309507598,0.00356382985217873,0.00353468035651645,0.00500366440520835,0.00479611106565736,0.00121078198232743,0.000426456143707272,5.64427288513966e-05,0.00163552980678263,0.00185909540816988,0.00349632275240425,0.0103778977516793,4.5760510794476e-06,0.000473787679944458,0.015696971682921,0.00303447460669949,0.000879662388840553,0.000480473254191173,0.0251849387931666,0.000504518728767316,0.00184006601018323,0.00039788564501287,8.67474704076561,6.80232348060437,0.017249613274271,0.021475894386255,0.337214391761721,0.000608319064606809,0.00765230227813693,0.000111712609437344,8.3445628645233e-06,0.0128353876740977,4.59389035506081e-05,0.00152840198253255,0.000547557748222256,9.09197064009316e-05,0.000911791385558156,0.00175689237623186,0.000193725834723888,4.32460684049429e-06,2.5436450398014e-06,0.00202744946067328,0.000423226775947117,0.0195486243061389,6.88504221608453e-06,0.00110387587891983,1.93799673128096e-05,0.00402890240549265
"bin_57",0.000321808857049624,0.00184068328554945,0.000163520494808176,0.000336247526493072,0.0013576923807457,3.23938400209225e-05,0.000276890800635673,0.000155852954569196,0.000275417253777505,0.00113482039611715,0.00166947478606324,0.00105755901056063,9.94968450321514e-05,0.0012763706414256,0.000184331108548574,0.00184694221333012,0.000309103876775848,7.77937998247536e-05,6.15340269023026e-05,0.000184424012103023,0.000420731948029989,0.00239733440628182,0.000612003492648237,0.000237300559371135,0.000422956340611688,0.000145875936800605,7.13008569413853e-05,0.00232855059499532,0.000190429416491556,0.00465095458358275,0.000227452003919698,0.000795564160587408,0.00012867962306982,0.000411058359701684,0.000207047437036826,0.0006636989958215,0.000192772638571021,0.000604175644634277,0.00296247267924543,0.000361164829446829,7.75436366997921e-05,0.000317496187898988,0.000416206898428596,0.000174408845182327,0.000367157890159058,0.000188424213866595,0.0002090424777959,0.00096033092424527,0.000545345186342639,0.000148836485948691,0.000513095217035797,0.000152505447058258,0.000221181898981398,7.01479281584156e-05,0.00140023554056951,0.000134556774022479,0.000364339523051728,0.000171099983047243,0.000145251337503293,0.000779329043298841,0.000412703633742826
"bin_58",3.67843611749501,4.13296650789509,0.434581116004828,0.394050416035847,17.3476003011805,0.666392155309595,1.98389099903232,7.33136409220403,2.40573040336217,0.0501758033454222,0.594681376148588,21.8602419312207,0.692616656031734,3.47957675665736,5.56885922842249,2.20993112628763,9.13050796368756,6.7668820639284,0.940194178650478,17.6659115403136,1.37493063224163,2.25238749056934,12.2685738235625,32.1624717044977,0.0495186795774548,4.94314941950121,0.903004965567255,0.343084701596948,0.239110507718183,0.162614651285778,0.177203575625566,0.681220403007159,0.274972174083031,1.47191655352183,8.4198261849316,0.104160151732264,0.118016706917617,22.813286150316,0.279659763497316,0.130100503204486,23.3191734715408,0.288825245897511,19.1445727983452,0.48707642052862,0.0190385982109031,10.4707347794452,0.0879608277595384,0.0231851659990847,0.0721961007357776,0.0587035114745921,29.3295639728128,63.8876051780577,36.6011911057276,13.6519598425457,0.00268817857900535,18.2247536896369,0.433479612369576,6.96855782492722,0.096774534160632,65.1015871138666,36.2785634393819
"bin_59",7.25087629768588,4.71424678121622,0,0,4.84507628987251,0,0.0651571431486167,0.0416773131321941,1.03643197408163,0.0881088845036234,0.466962239925222,10.3841453591414,0.207209361468758,0.126853188553982,14.2250700023172,2.92143765547279,8.63452391236527,0.0182231435439059,0,0,2.29483988611537,18.7777945580774,6.6296911455245,9.02318108695981e-05,0,0.115429261879726,0.166335183350383,0.0655867281796482,0.0915969649392947,0,0.00431589120429073,0,0.234637352131648,0.0305796377463304,0.00802307771128687,0,0,0.0090761971569804,6.25607921191352e-05,0,1.52145371304922,0.0049399088689715,0.0039761128868287,0,0,0.0146825571808864,0.000552938897407111,0.0188317774792884,0.0706049578304833,0.00724837279368926,8.81959581797203e-06,0.013780522497791,0.0128532196004319,0.00705021694566801,0.000691415652969903,0.0118216441856985,0.0259670403613415,0.00490202578128057,0.000666953497005288,0.000741595672297927,1.86737972799025
"bin_6",0.113563419724662,0.328019844959142,0.000330703563421058,0,0.0245409664411733,0.01216130300216,0.0441601745274203,0.0118443425425384,0.295526513239544,8.20915874168885,0.0229434435046564,0.0174903132113127,0.000313874574267755,0.323979800326539,0.097997397628493,0.00407489636506502,0.305466000568053,0.0879340193980175,0.00976128368536959,0.000701517364584756,0.290797596730554,0.00433060765972067,0.045676662062149,0.00790054143662846,0.0396793986190855,0.423535986303775,0.00350207190350898,0.0833703143386974,0,0,0.0157852134357931,0.0294844761449519,1.70027314062511e-05,0.0012490330448611,0.0373822005188005,0.0687953096847693,0.0563740035033558,0.21705779337336,0.115631582106172,0.00421668874716171,0.0023691946349173,0.0368221372875204,0.0102434442825281,0.0382393872454545,0.628190838055302,0.0026808451455063,0.355271482306306,0.00218717532689028,0.000391204068306728,0.0255959232118477,0.00104503094337442,0.000608474898467622,0.0046575103273368,0.00218246605179433,0,0.0123025565195493,0.0856227622207743,0.000706632709824907,0.0412894135038103,0.0272530521987992,0.203289398804702
"bin_60",0.0915119470433442,0.0649737626572666,0.196138141149001,0.0464335292974686,0.009281399534452,0.0170500330543934,0.184047620829023,0.0536452017319916,0.119614634530664,0.522249423227,0.324550866805632,0.00543940035283738,0.0164593819754171,0.0603979010894135,0.0191191985159143,0.105978411037845,0.0457244968362944,0.107270714483922,0.0034892117157867,0.0187145995780589,0.0160900017170342,0.00771859134918398,0.0661713551944701,0.0109578812228583,0.00816974220688417,0.00521671811519271,0.0473976972394369,0.136810506934796,0.129216493056619,1.50201243062023,0.809906641237199,0.152803946282151,0.077105581344308,0.00493515627017552,0.0469662878658126,0.0908139219631992,0.0136351468567545,0.0861291295515761,0.461525490544751,0.217847022097086,0.0361936949950542,0.183856375764748,0.0130471181394488,0.0131551510916732,5.07960359394557e-05,0.0114352370565476,0.0724617787852645,0.112752163192767,0.0364154148973954,0.0662531893126785,0.0204331742848218,1.15754155173298,0.88239965775239,0.0138645036614883,0.010452477624814,0.219048042414683,0.54770576680294,0.00202800005204193,0.0891214020252789,0.010750893185051,0.0139566529232642
"bin_61",0.00176219378281472,0.0017918718648652,0.000235108876560159,0.000203229376454225,0.000782812904924488,0.00797414514836854,0.000716400883769738,0.000707148110770847,0.00074177103036368,0.00111453907472094,0.00345830790918697,0.0118338557510375,0.0011868725745692,0.0107935458600951,0.00110545740686204,0.000465597860813919,0.00243399475295286,0.00123553815300713,0.0023025064802965,0.0023115519944424,0.00738564709154181,0.00248410293939829,0.00141502905692651,0.000330470328271049,0.000503164395853564,0.00738004939593856,0.0012212407041186,0.00023956380168513,0.000694866585050379,0.000893012218167919,0.00113001332679147,0.00193184884566068,0.000387455557348473,0.00113353839645695,0.00123352995830994,0.000368053841181195,8.75250082260256e-05,0.00329676847914229,0.000535503929215732,0.000710150667479297,0.00151856959633001,0.000216282220225113,0.0015662645059174,0.00174783452625752,0.000387591339059033,0.00332788100196023,0.104472463510315,0.000737067726205569,0.00123832598943346,0.000454975859857437,0.00195087464024325,0.000276637417916217,3.4828226582265e-05,0.00115402680582067,4.03666800028627e-05,0.00105626001612869,0.000379710154163107,0.00251226660523522,0.00452705317271946,0.001479539962522,0.00177100407536783
"bin_62",0.0601537794814323,0.0584068070601963,0.106020686146326,0.121733606091016,0.0172761225668693,0.0272917168027172,0.0186427051120428,0.0419111436061776,0.0121621268726217,0.0432452841215974,0.0270491848960261,0.274963844603817,0.0277077837596608,0.184342366863919,0.706599068267869,0.0738113181434627,0.0433945351864828,0.0809227800243414,0.0221781241868811,0.0213899523394585,0.0145406593423684,0.420645639516376,0.0772995904911965,0.0393482965679102,0.0609165362725498,0.0207951935165931,0.0108898782030693,0.00809135658591443,0.154748916123815,0.138161862323526,0.0155366770013688,0.00510200065612869,0.0458439141333197,0.0285737937088158,0.0231434421498936,1.56625277004391,0.0133775549840699,0.318125721967577,0.0364762108470115,3.18695745314367,0.104741619033529,0.0274623502312189,0.0363885471136211,0.0160665863226178,0.0174692387079554,0.0422496134323532,0.0267127238961769,0.00544424852643999,0.0164802426350979,0.0143588652565603,0.0429162128167832,0.0832662502240358,0.00613558746832078,0.0261480733191968,0.554166748626545,0.0902025523399215,0.111397409701571,0.173402652610523,0.0615770938160058,0.0521885611644874,0.11491109296571
"bin_63",0.961227742363099,1.24845190714445,0.0387277943880226,0.00689229358215065,0.684627714045267,0.835667807922475,3.16446855978362,0.0262808339093599,2.87261714112418,0.010166811139617,0.670955453750265,2.35099922489493,0.0261486847275201,2.7147002857734,2.26844421415993,2.13535088212721,2.93947617590732,0.00742659016069904,0.136105314164675,0.812800966478467,1.89656926316829,1.31943116160773,0.721457161150348,0.0351560434278313,0.538283892428351,3.84884162725251,2.00541044433586,2.23445366687792,0.348119286415973,0.0190315987287585,5.33147161440649,1.19482147720295,0.0133350644772742,0.0976362925874638,2.158871496457,0.0189531933752816,0.0159365116149358,1.89668275261449,0.0309287610527055,0.367432937516154,0.601405836474701,8.30284574772492,1.95382321393645,7.52749910979725,0.0015285433009267,4.63928832640828,0.362248827955601,12.7880498997227,15.4082566997952,2.55903042813999,0.0258396700368463,5.56616695334889,8.6962821933981,2.06740149301508,2.25201315155435,4.9454937575139,0.55368319196615,1.47356874351588,0.0514604910605405,0.014190068083678,0.0318614295755589
"bin_65",7.63097057109276e-05,0.00013778991813903,0.00068129580151313,0.000103846532330252,2.09729668690604e-05,0.000299710152040393,0.000545918194228044,2.83185496010216e-05,3.67497823610921e-05,0.000921470963922845,0.00884326403280121,9.65612583466009e-05,2.40036698116518e-05,7.22907295912235e-05,8.32218165787182e-05,9.78999483317682e-05,3.40976172360164e-05,0.000150195928460764,4.73687010203037e-05,0.000137749927150836,3.334541740966e-05,4.87702097772279e-05,0.00138749393507652,0.00044948970121864,0.131100022487016,0.000227311595671864,0.00041394056232273,0.0301084604387356,0.000199143057314177,0.000159587398806389,9.47093408431586e-05,0.000149774496924043,0.000543090457791499,0.00119045928827303,1.54953961645264e-05,0.0124752369029722,0.0313358187603574,0.00030425746321048,0.000326448993267338,0.000622506886412402,4.21399073052236e-05,6.46642352306076e-05,0.000351350773070219,6.57761991892461e-05,0.0001541745635626,0.000180267299245695,4.12070473281085e-05,5.60204087067423e-05,6.39772419656837e-05,0.000229784166024432,0.000470468930444203,3.79629997565482e-05,0.00017817309428526,5.47488706617483e-05,0.00014235707672839,0.000113100459849623,9.77069876636192e-05,9.901066314238e-05,9.50445491873815e-05,0.00015677037674576,0.000245645077932176
"bin_66",0.00485838282378709,0.011588027751446,0.000429777826396432,0.00339946246590482,0.00114292996680531,0.00349366746592593,0.00416772878413025,0.00872254347615249,0.00399952039141012,0.000992301420920578,0.00256196508676818,0.0053926095423809,0.00239608495406507,0.00551004087955457,0.00539898886510791,0.012659130664331,0.00169033966377969,0.003609075693154,0.00470865937074848,0.00723446123657038,0.00132389051896274,0.00259494936719584,0.00527391961968887,0.0140667594910908,0.00474592623100789,0.003318544988379,0.00131112892814991,0.000622905296690054,0.0056082227139637,0.00843224495667078,0.00102565115600362,0.00389787936409808,0.0145861955231109,0.00538167906159748,0.00113047010084511,0.00210669411053156,0.00451884784596381,0.003375746456013,0.00394427750592984,0.010152187112949,0.00649284648117453,0.00191239142501467,0.00413617208964319,0.00182374693411296,0.0314364840292856,0.019962954661973,0.000547512027408267,0.0422002277531782,0.011974073218652,0.00690413040946109,0.0017520470814819,0.002742124220512,0.00418453293619541,0.00248236717374473,0.00302115967606562,0.00199446879874611,0.00037867318054862,0.00263335078405229,0.00503676494895414,0.0239549898818926,0.00574841837892922
"bin_67",0.000778639611583048,0.0015743781840607,1.65730591501108e-05,0.000288826480417091,0.0186100971716602,0.00128483264112167,0.00238318653039477,0.000186411083924,0.00183159719514537,0.000570953168890746,0.000148138020498702,0.00362932521283217,0.00429649472802601,0.00117930838161916,0.0216791601540434,0.075863585510081,0.00307532761229886,0.00350715315170497,0.000226033483263749,0.00226653999204146,0.00500826166536282,0.000592284622378051,0.00216302048023122,0.00220623232911305,0.000794850313773558,0.00180683720039913,0.0012836217398849,0.0673470646135505,0.00215899354652398,0.000522364429570315,0.000521839573965217,0.0151876089238292,0.000562874394123565,0.00305015748363048,0.00829120416536584,0.00115408534137755,0.000705647129378397,0.00454681082003074,0.000736039487036556,0.000225531318707561,0.0144006039856585,0.0024235886409612,0.000280282478183057,0.000511102106571115,0.00156063575967754,0.00189166112592272,0.00328429971255359,0.00020436006445679,8.984798468858e-05,0.0189190285691942,9.73953881980909e-05,0.00423528915195071,0.000164308135215588,0.00125198067900856,0.000486103600122472,0.00764601486814187,0.00999805220021723,0.000267626164320364,0.000436213509157101,0.000565318414820977,0.00840921939667867
"bin_68",0.00364768295589261,0.00362525408394871,0.0216738902513051,0.0313404927434276,0.110661184958378,0.00605673935440003,0.00308409352163529,0.00512268359987381,0.00394722809324842,0.0430125708030525,0.0135357128226043,0.0608285794260624,0.00306465089845297,0.0342400124556694,0.02344518598063,0.00271803378341235,0.00920907985375672,0.00366180085543394,0.000920420713520246,0.012449056713763,0.00413677107099292,0.00737012588155156,0.020844089375466,0.01188946390008,0.135469932656459,0.0168033006899288,0.00539251040981976,0.00890047482863251,0.0124216859637222,0.0254663904507047,0.0111493024440164,0.0192321671388317,0,0.00220663172091863,0.0118382531182739,0.0249773386385723,0.0223820069972218,0.0296211459550551,0.0163927311948224,0.0156792524289717,0.00364263135225623,0.00815520841306472,0.0063363251798433,0.00122446499179054,0.358592791956341,0.00695501255390379,0.00205807732463894,0.00113527677972116,0.00388904761603603,0.0168533100842848,0.000567737723111409,0.00110240528184222,5.17908320048234e-05,0.00933720885556043,0.00195296528301898,0.00126493307813253,0.00203362125474536,0.00375221490777951,0.00165350112521893,0.179040608822527,0.0161282771036784
"bin_69",2.29173132626495,0.66834794883174,0,1.23892516758486,0.459737452622804,0.348539638586814,0.754976693719158,0.158423952945588,0.823254150876454,5.49889855525409,0.78469489303171,0.0200305864830914,1.43535165573286,1.62219178327635,0.184411351382873,0.577271234301466,0.435423737135668,0.160817434433519,0.0183378658424335,0.0471328660713871,0.601370056329648,0.195261784049682,0.0507940442938507,0.0706792720570398,0.104053928549127,0.0477175379985797,0.340700272761847,1.97675681829384,0.0701600053992494,0.273354487010355,3.06582362603314,0.503051435403412,0,0,0.439162188884756,1.08428830175562,0.0830878822073879,0.326152745174571,0.744455715985019,3.11074330806135,0.10734881129424,0.47875008192883,0.245726104547834,0.102487558253989,0.00382692403149577,0.0386661644722574,1.82699219667714,0.298133417749072,0.428449423464642,0.72645696635013,0.00997201163842133,0.427676969896608,2.34005806137609,0.260342576949065,7.0473594650608,0.158427458583325,7.46920503163998,0.0947014720450496,0.570895904127351,0.0978401592265393,0.188168586475937
"bin_70",0.000911304741048127,0.00487631130473486,0.0068376723187991,0.00138644094288413,0.000240259934857599,0.00471964163848552,0.000504586013758768,0.00222806979260242,0.000919536909848126,0.00577474681238436,0.000553829315987549,0.00100516860024351,3.16972678334317e-05,0.00104504812116799,0.00773270965628941,0.0966298061964595,0.000180629526215222,0.00335536578151825,0.00308282244798323,0.00159960263885161,0.000127984170886594,0.00017444218462898,0.000481885529416549,0.00297511400430814,0.0210165774375861,0.000452217338936434,0.000119801931373148,0.0398066932171569,0.0202878716403129,0.0179956337085436,0.000105984465964778,0.000139446620218432,0.602274057574917,0.00839189910747726,3.90760339095563e-05,0.00580786097683698,0.0462866054362789,0.00204661353957091,0.01080278770218,0.00241884174081299,0.000360062579855961,0.000412600802325299,0.000181074291849266,0.000314474219020549,0.00987871215687468,0.00107810494885478,0.00101796270072586,0.0164092281566742,0.00411406023513841,0.000579203262914378,0.000252067660527865,0.000406792141246539,0.00062454984724245,9.75328007590583e-05,0.0378781013474037,0.000340162836276319,0.000174071953236935,6.76605397058699e-05,0.00202773885337692,0.00127684915358184,0.000618589989066687
"bin_71",0.00854219834542941,0.0338458541428609,0.000218655287048205,0.00190940058727662,0.0240450789267,0.142760221651711,0.0149316197614182,0.200757900782918,0.00506121491281247,0.00205750694718598,0.0352795314186212,0.201681363516407,0.000624558030994123,0.0249838097427362,0.110076562900787,0.0548745855035156,0.0121112532038948,0.0883845096393136,0.387115306258735,0.12288585242757,0.0566203758312662,0.0479494952433636,0.0347841315711774,0.0144968871927719,0.000282344484324716,0.0272000475973824,0.00643228970617186,0.00188508326289002,0.0112771077126324,0.0105487083578282,0.00191122036371655,0.044972237961068,0.383466842614876,0.026070598306532,0.00824719082810543,0.00677072805187275,0.0157130191829294,0.00397382255276567,0.00263629439996018,0.0101847809059251,0.00773675849632112,0.000945842309378041,0.0105468245236282,0.0208754938984266,0.0897262439155042,0.00521516537078494,0.0920959757579161,0.00147483183516589,0.00275686401463907,0.00224533356766049,0.055526861137869,0.0295312896094577,0.0348612054472153,0.00931550573208526,0.00267005141840011,0.0204858055258609,0.00577671759395017,0.017816628478151,0.0087348424005398,0.00674047241001319,0.00240771710470815
"bin_74",0.00263599767079681,0.00352929296436252,0.000375298102244902,0.00804096973256488,0.00689053269142493,0.00225557165688247,0.00355411269229427,0.00125970897042727,0.00460641230945699,0.000871308790350802,0.00424022630847424,0.00900583457240108,0.000825697354976977,0.00156833827700079,0.00298494824508569,0.000347793501796529,0.000839309242542913,0.0013397045210837,0.00190618373653262,0.0025834298977858,0.00117216790721638,0.000602510633755393,0.00171735398487307,0.00168443051328795,0.0641314839884597,0.00105174203131948,0.000366010240768256,0.000411143849448605,0.000343498830366744,0.000111319631977862,0.000691152214254882,0.001881780726355,0.000155468071199682,0.000588956951261466,0.00168649951893435,0.000355634363389058,0.00820583198921526,0.000906012191004002,0.000381609970869213,0.000379679704791549,0.00175630548438173,0.00150734329981706,0.000799705335510979,0.000947196310495519,0.000121148778905868,0.00119682851624047,0.000591574829979293,9.81438854310276e-05,0.000138656700877309,0.000471648576411274,5.84476067714172e-05,0.000218467356828116,0.000232258040501095,0.000573022846674691,0.000711201053724474,0.00324261836154313,0.000263282166082888,0.00377711422481371,0.00453554499833167,0.00320234072736688,0.00107451125254273
"bin_78",0.00574851808836894,0.0132495330924328,0.177989173748362,0.0586917902889721,0.0184425831546325,0.0011903729141796,0.00513102123455905,0.00590528413368776,0.00537963967247683,0.161018013099301,0.0102373245583268,0.00195666559719617,0.000350576770269688,0.0998952861975266,0.294314844478506,0.458238902207195,0.00287973884494963,0.0190110765682191,0.00108644989926441,0.000953124362821922,0.00632383764228654,0.0376555786962319,0.00806004236349829,0.0191135046090899,0.0174917072161153,0.0126045952940218,0.00194482786496353,0.00127989622865894,0.111841937972519,2.18353509824316,0.0110081207924265,0.000309822499792361,0.0391455950968175,0.0451694568930436,0.000607279659260911,0.049402033216199,0.139120127678018,0.0114833483498479,0.0380111608921656,0.0239254991445858,0.00100509195416899,0.0584788721328425,0.00390847537618409,2.44531987806129e-05,0.000760894570875459,0.000168782990761093,0.00563434018954538,0.0194535083838279,0.000497616446703005,0.000889267284534875,0.0005110896339909,0.000311054858416482,0.000676731902123763,0.00373167372807566,0.0413804259945358,0.00264185257786244,0.00338895164652713,0.000748658082789342,0.0081732106709655,0.267410292064074,0.0425043466334823
"bin_79",0.00250837498446578,0.00257593412147555,0.00100965432335641,0.00090604574526783,0.000502398756316136,0.000316555700389744,0.0109040109955455,0.000629946059794938,0.00630042251634151,0.00110183710751782,0.0148522634418731,0.000724512512632656,0.00105566918915007,0.0161969156270243,0.000753560296775883,0.00151739564583592,0.000529263416301241,0.00220358632823622,0.000329611887798276,0.00028737215373516,0.00185070030293537,0.00294348892567763,0.000833805219793799,0.000101046591604274,2.05843628706206e-05,5.78362861626651e-05,0.00079856018709563,0.000503263179272122,0.000280652094419292,0.000673846467208997,0.0117969792163293,0.0940800996484512,0.000330171641105164,0.000699212320314447,0.00189242604987776,0.00250817446272249,0.000459856877319604,0.00227083921717828,0.0106197142178138,0.00064510090098192,0.00400455463697987,0.00693858239693149,0.000115882883260788,0.000596104645710974,0.000188984983447187,0.00437450856195016,0.00838818174208489,0.00304765975290729,0.00116654199432115,0.00273563408609115,0.000514005103258097,0.0171425755272043,0.0260898819533808,9.3538747053341e-05,0.0045793312113924,0.000700120088236672,0.0119170090237502,8.82209471801993e-05,0.00235360870307789,0.000551961617318598,0.0013488273424161
"bin_80",0.0228083442765508,0.0438233226754867,0,0,0.0583706056248128,0.000864824990432073,0.00545165801714077,0.00119629760147234,0.011797483553667,0.000408269024822169,0.00994779954275767,0.0908234831115644,0.00358952316075934,0.11739130089083,0.00233917159647979,0.00126644589942802,0.0465421074302795,0.00056231575630737,0.00306130920088987,3.27293258161413e-05,0.640594285247923,0.0382170108414961,0.0122349148163916,0.00186791991354269,8.88834104545743e-05,0.355455520688079,0.015491641940426,0.000789753997436362,0,0.00463122304431511,0.00490508807362561,0.395810396902812,0.000181354827545357,0.0022429780565281,0.0303396036100949,5.79708801108013e-05,1.03244143659568e-05,0.0238647408710218,0.000285705166062045,0.00326684918372399,0.00733595169743043,0.00106875418216517,0.0058772606764311,0.0294345547580906,6.06850921464426e-06,0.00184045597704739,0.401846461379472,0.00190067328200118,0.00303595475364802,0.000407003706170127,0.000305150399059062,0.00306116279022552,0.00341079593715515,0.00061299834743831,8.10408518089202e-06,0.00445718087673765,0.000410163381053841,0.0173345718916979,0.00109624180534919,0.0107820824306789,0.00300931478376269
"bin_81",0.00616717073655835,0.0123152154397741,0.00122615791228127,0.00756422475501136,0.00654598366332093,0.00353938878684121,0.00749919794503956,0.0012317673586448,0.00384400749136152,0.00106940848893697,0.00261413366108996,0.00891437125089787,0.00371411146936759,0.0194112503561856,0.0144301166333625,0.0423272714347909,0.00526806339542912,0.00103628212243415,0.00055289983294455,0.017907278925481,0.00232478789824788,0.00788660837809587,0.00343942895482193,0.0019435491578167,0.0120323297340839,0.0162485840055831,0.00221971027405303,0.0673504936252515,0.00325203035133332,0.00238304112278361,0.00639426534958782,0.005063233169461,0.000948542468279645,0.0041008689999731,0.00534129796858434,0.00929475050973041,0.170026333980609,0.0156526218906472,0.00369024501052717,0.0565734556421021,0.00441878600181479,0.00665590815690525,0.00349664909374846,0.0763135385122171,0.000990302878440954,0.0624431801858351,0.00299746168733358,0.0632470116349747,0.0199693223851895,0.00198084067370891,1.25122884334325,0.025660506053829,0.0986057164964332,0.00661894361575239,0.287706973255586,0.0442217470669845,0.0636226343753205,0.127363096110617,0.000656017334506025,0.0229515703460948,0.0119333810407943
"bin_82",0.00240163000452814,0.0022414132538686,5.30890069421982e-06,0.00225036383363283,0.00144900072614596,0.00257875742529774,0.00212455300149832,0.00159570453773978,0.00784792104061655,0.000390810066404764,0.0400066523879649,0.00299451288958349,0.00126671593018912,0.0369319758246731,0.00438992549390147,0.0176845149599941,0.00219544499685006,0.000432266693594379,0.000315982536357979,0.00109794978312703,0.00905643569549033,0.00155004487262772,0.00214047560025358,0.0011436595651114,5.2046173193268e-05,0.00471315952802619,0.000847118268278936,0.00208085739258428,0.00133681388425799,0.00110878185882007,0.000866085811930674,0.0026265862304527,0.000124931615794038,0.000417368286586816,0.00196503223106486,0.000254768845153345,3.8879664734769e-05,0.00350208224779055,0.00113049568548166,0.00353932167599501,0.0019030704701036,0.00471851689794104,0.00195374781539844,0.00190569823722915,0.00137637746856264,0.0132284567753545,0.00185573201693147,0.000260055566724345,0.00122141043716556,0.00109253400819256,6.42034697209357e-05,0.000833711790162204,0.00165367850200999,0.00108078573290244,0.0125536588943905,0.00576979491735367,0.00816941748675708,0.00515245106381755,0.00252762043825491,0.000888771734224051,0.00827883851139387
"bin_84",0.00927495284166729,0.0106426888217689,0,9.07901960271631e-05,0.00154793978810863,0.00052591746575369,0.00864090835874662,0.00258844756607756,0.0124435446849302,0.0125930705482433,0.027551051751893,0.0157932627627766,0.000411447239565538,0.0116523159641104,0.0144819524281087,0.000814957872767245,0.0030573128156073,0.00443456789205347,0.00429245885724336,0.00350785710894943,0.0701216833775375,0.00151650334124567,0.0379904735151018,0.00260585241136367,0.00390775915826354,0.0126663398871715,0.000587622339210097,0.000427713011257809,0.000401884188392419,0.00296190675854271,0.0123991239214359,0.00600801149772532,0.000492015932949593,0.000857651545783242,0.00154482355909599,0.00412439399077263,0.00264854349677373,0.0133859310977709,0.0036989438747034,0.000526748520871293,0.000472530306927905,0.000702150883611444,0.00310392459258891,0.00131066433598281,0.00232513056270515,0.00300259888132489,0.00373898206508137,0.000186361095005781,0.000175687713468307,0.00858021662455708,0.000372212246584918,0.00117991418262244,0.024967109744376,0.0017089414457304,0.000147522187640792,0.000617211755459402,0.000275111814322985,0.00760891051483749,0.000434888985585715,0.00147492286581764,0.00979255142106285
"bin_85",0.00457359704255442,0.0307551464808795,0.006887521044319,0.0145258483358435,0.0194399031865554,0.00141334122021476,0.0097854166394758,0.0353321076718424,0.0081604221213594,0.00531285028050102,0.050564493752381,0.00261321885225267,0.0135023983315164,0.0137203787100156,0.0274097048923747,0.0197303161424326,0.036901752032681,0.0160404345841939,0.00423126080123368,0.00544616566735131,0.0172489167713371,0.00797542077267765,0.841907196803074,0.0115575213310485,0.0140966823087292,0.00686781080493144,0.00270476181838307,0.00335028255277619,0.0133646960815611,0.00470876896185362,0.0131522165172144,0.0317242474324174,0.0148285459280945,0.025868937831636,0.0183670016751392,0.0070998700879958,0.00938393224674462,0.0243805050543933,0.0235784525743887,0.0685737993940923,0.00325085882887947,0.0165007823792222,0.00555521557286382,0.0135113771195551,0.222500668433996,0.00757767777019127,0.00565689236958873,0.0120352691104436,0.0465374644798246,0.0108458037820194,0.00171781069065267,0.00397218547119783,0.008837434176985,0.0124368565149788,0.0361574145520414,0.0279586790814682,0.0319470455659918,0.0185380690234733,0.00367851776455965,0.001522582592986,0.130652828534236
"bin_86",0.00399489327018088,0.00316626992915127,0,0.000433257781096503,0.00144513389558336,3.88473704766862e-05,0.000333198142364889,0.000422151684159682,0.00107073396340609,0.00430935635265645,0.0476920717717383,0.00121804996870651,9.09768601727758e-05,0.0155873222162623,0.00014093533652427,0.00135187245329468,0.0278328783915439,2.10949001309782e-05,0.00662391526214893,0.000211283885631781,0.0205468320486669,0.0119028028557404,0.0002077603894578,7.28284603339592e-05,3.22071025221306e-05,0.0367009119926211,0.00102959388410054,0.00013597824218825,0.000118215826157045,0.0689656633469925,0.000879664336689418,0.00629873095845587,0.00334011688181727,0.0090048330665487,0.00274907233093718,0.00140382006699423,3.52536384591723e-05,0.00368946231816195,0.000370172353521187,0.000290483820079861,9.58894864516332e-05,0.000763594689557263,0.00375258152312606,0.0007075148812235,0.000760029091201815,0.000910466399728884,0.101818214948969,0.000284752789403313,0.000491673713395436,1.06970059634567e-05,0.00627490668751398,0.000626817260186103,0.00079079285122237,0.000350082232173635,0.00425818387742477,0.000368911593442431,0.00153006767258861,0.00279560986344657,0.000783201948543217,0.000296010520281416,0.0036019349637594
"bin_87",0.0368184627188889,0.032837805014694,0.000107498522572474,0.000156436747707803,0.0633995401476512,0.00232513493775431,0.028903487822617,0.00722355004380484,0.0379764736804934,0.00832099294092054,0.212058887063492,0.110002191191971,0.00262649144398611,0.159800790716161,0.026146405729742,0.00980088429615751,0.110373297020827,0.0110532437122499,0.00264578257559336,0.00834069755464852,0.087172487683935,0.052266758458658,0.0150051630893825,0.0148686972967333,0.000403213293917994,0.0400694509430256,0.0335548416750532,0.000636907248438429,0.0197472756049681,0.00027908233654811,0.0254151199151914,0.00813535781255405,0.00115256016026151,0.000743691478391389,0.0145682651727536,0.0903172984252617,0.000808966676511058,0.0137020233868166,0.00341989566513753,0.0320363927089598,0.0204577533142736,0.000982155755004192,0.041144601456658,0.0126556224875766,0.000504620834700928,0.0201970291636838,0.0401218113271818,0.00263071521259143,0.00462038641314498,0.0139514027941796,0.00257451416780331,0.00874884829204768,0.00699477469339663,0.0126569224827396,0.000988505141008848,0.00643649534963016,0.000827931319562961,0.247827485699476,0.000972164004912229,0.00914511706096253,0.0115163725842861
"bin_88",0.0105167036714753,0.0102659457781591,0.000902091592448225,0.000686954555909751,0.0310837274558977,0.00127351115163971,0.00739282901514232,0.00585183835626046,0.00291812877065429,0.00154882036473665,0.015591627602123,0.00776186728670154,0.00864130437419427,0.0749829994174568,0.0976246049682648,0.0208090281747059,0.00746786113950114,0.00131989494963383,0.00398624518170376,0.0042278103783333,0.0253109755302623,0.0060155010808777,0.032071641408113,0.00340982672542116,0.00364016778659759,0.0115999523023939,0.00479022238262762,0.0063200366029217,0.00471431661312609,0.00195642126267177,0.00328677753934346,0.0121123575492163,0.071073692096758,0.00245358188622961,0.00393006563532193,0.000204257565028229,0.000929341526084857,0.00761215456929088,0.00188460412031405,0.00979288891823659,0.00554722121951399,0.00210164056289486,0.021676378354106,0.00487997151915323,0.00386155162774422,0.00914920683318839,0.0211897830864589,0.00212844709341924,0.00173606938322686,0.00153659491381317,0.00381114142397324,0.00122721877746368,0.00231077598143577,0.00400239303590112,0.00136390884485697,0.00912931069398638,0.000587668947236167,0.0358397636376481,0.00128735202971042,0.00315931221493723,0.00103746693631719
"bin_89",1.20945784698705,0.558893049572486,0,0,0.492995275569344,0.0456525865443241,4.57581055812406,0.0846480271983839,0.569603734463685,0.0148418863817743,0.0017809225569539,0.114478930075267,0.177852347094725,0.0253440836200364,1.07281940488423,0.268349985807828,0.312780300154772,0.510520668968776,0.0533907089363539,0.268382605539743,0.660736925224519,0.224107838208566,0.376709377654858,0.147247633703533,0.0182218755700169,1.05281786620446,0.640877366454524,0.0345601819953338,0.0654056269539611,0,0.163416571864586,2.86599838276256,0.000350710016649197,0.0114586113885107,0.893142122917952,0.0071846342115458,0.0218554122644503,0.676029256073827,6.07865859836668,0.00911132729992538,0.543374277713996,1.62602571170017,0.00464562547345167,0.201623111461902,0.00141381404484047,0.138873306301954,0.188629721934435,0.543267024247145,0.398218346299445,0.0314487794089227,1.10827550767205e-05,0.266726824448698,0.0143411354057932,0.132048919357703,0.155978326932304,0.319741908934454,0.160763319302534,0.0572999155295768,0.00982978608293889,0.00119414352575635,1.29663376430345
"bin_9",0.00220719643930436,0.00981677485991285,0.00120343529647731,0.0014426756510065,0.00816052068946819,0.000110172713266732,0.00382413333256703,0.000791581409012037,0.00191540445085576,0.00113685611196813,0.00782151791188034,0.00434936909146974,0.000198048181012603,0.002872701929745,0.00189008478803895,0.000604421898562031,0.00232222228076832,0.00107758747353062,0.000257169673637206,0.000857474496982704,0.00557239711403858,0.00136879106966087,0.00404919057027886,0.000953182324648302,0.00047888131451888,0.00186423334744247,0.0010401180609399,0.000273812941990114,0.000910073459381793,0.000598297724441799,0.00268131456679873,0.00700446453805467,0.000421531903455639,0.00318699456825747,0.00336666316528575,0.00565880676675557,0.00126781953012362,0.0015121179127909,0.000878519414877282,0.00114860945097089,0.000540400727964442,0.000675226792513173,0.000487471375951251,0.00136696527550473,0.000909303826950249,0.00121215193567665,0.00169568663329289,0.00191872336482424,0.00224147277236377,0.00181887550800372,0.00199351499625666,0.00107297284929216,0.00303793099179885,0.000837718729301121,0.00187471526719871,0.00140383792142193,0.0013646371117393,0.00149020196066699,0.000791474260313978,0.00300576092408142,0.00199912210299985
"bin_95",13.0116136072053,12.610054313062,0,0.158276096434094,40.8608215268144,2.95600741102331,14.4665356624471,7.19741831601275,30.1685122845542,0.245455840322201,2.31704431264618,11.7293076313831,57.3209069003583,9.3366928995103,48.2379014248211,36.0577238968199,7.98907496442978,5.19167276357206,1.67847425018104,11.3366224360138,1.66824118560526,28.1815873224362,7.90098740480942,9.50013515321161,0.0233061497260936,37.841952816867,29.3248421719893,48.9958509101455,45.1925157441984,0.123360424456089,24.7485340821263,28.489036549046,0.0344566038171546,0.48912181732846,23.9642087988551,0.720525062859835,0.360843461294145,19.0569667027184,28.8589524682753,2.61767417833765,7.77654062651962,0.966524376293052,5.48666987507588,18.3522518494061,0.0249744584117492,63.6075378973644,5.29173661812347,0.528686775200726,0.694125451990558,15.0531859800394,0.126775415854263,3.21489276333,0.865163947965478,25.8972189020035,0.100240605623339,1.54750622441115,1.13593051478354,62.6268761737917,2.23063265656552,0.691167614551427,21.959295316205
"bin_96",2.3123219121479,2.39725613633782,0.04557017495274,0.0116413515435044,7.54534038525316,0.537867586461676,2.58631672562922,1.22944170612854,5.14509152839122,0.0518259170769244,0.504730618135038,2.14785518047688,10.0181171299772,2.3301358629895,8.6315426753953,5.94430653521449,1.6469712850145,0.901619268167323,0.278970113599527,2.10942310056433,0.388540816714113,4.58162918608394,1.38088200247934,2.05039860616587,0.0125918285441476,7.19803274947979,5.17077541951848,9.12354600079784,7.87297815254251,0.0457405669051728,3.79146297546614,5.17354417433123,0.0249760489084591,0.114769592427369,4.32697237969664,0.0751501757604626,0.0761240677215529,3.47865830732008,5.22860632758146,0.337889419582134,1.46785819337831,0.483224133414145,1.06795257965525,3.4763131846972,0.0062997952818435,11.4261441286975,1.10588032705896,0.131215205091747,0.169937832131609,2.62487445188358,0.241638409423103,1.08441819477998,0.482223189782132,4.399281014558,0.0123283747647503,0.497695564827681,0.304448990900354,11.0435465268386,0.378335884872191,0.556004152345271,4.28496743323136
"bin_98",2.57937596536198,0.494362106160436,0.0255640487994914,0.0511401306959734,0.343510177757071,0.151045696735031,1.65371067234119,0.398827643602607,0.588356189033171,0.00641285453462846,1.01707944021141,1.93550835185972,0.719728918925472,1.66056447397888,0.519163732136838,0.135215853056081,1.47794864435692,0.0235421165282038,0.0511982265448785,0.443071839033186,0.326108280406041,0.223637155819677,0.3207327464473,5.88533973735156,0.00586333167024068,2.13738486482457,0.251895133558785,0.050795300884892,1.69431806697999,1.39504088088056,0.0969187958087268,0.0761039011081579,0.00140071098641921,0.0253338780206229,0.377588364268913,0.0376981155424995,0.00338431496982621,0.658161882446115,0.04717165613719,0.336797272708067,0.344628196319364,0.833152537364527,0.517804446590349,0.2110618711681,0.72550907497138,2.71463291261892,0.133733476874223,0.266619701386765,0.796218703356382,0.125543686146159,0.0446959217132976,0.0787537787924841,0.614886636832443,1.05877414444828,0.16964398848374,0.568781166948415,1.22817137714073,1.79210621483696,0.00639347183328282,0.298630782958236,0.081031610426841
"bin_99",0.417680765991375,0.43594947477221,0.068616577211291,0.0315545346713037,2.02983735277427,0.0845117320713647,0.218356783581605,0.826460609891794,0.281120754853507,0.00674698803270644,0.0569642249039738,2.54663801611101,0.0426300190456719,0.412358077091605,0.91055667090424,0.319732624268614,1.05396667340621,0.713297024360441,0.104670366437812,1.9733066578165,0.136334500433249,0.249858226289476,1.38734557386353,3.38190089353891,0.000217724020893746,0.572801270798588,0.0996542730251708,0.0581959607911096,0.0513587741139464,0.0179253897609074,0.0403490650148849,0.0301060585661142,0.0324476918525473,0.135126706835557,1.01876683895658,0.0122547631475117,0.0144080597182979,2.77332278608993,0.0336397050778844,0.0509299302362976,2.56836160212244,0.019623987264682,2.0837539973793,0.058064683137507,0.00448629140993297,1.23648108089096,0.0232188359537672,0.023530423360132,0.0416372265242229,0.00697781055401054,3.77816820280489,7.77154308848173,4.42679995754736,1.64093817819899,0.00218996867902469,2.1621809427369,0.0714675882444115,0.816307018381014,0.00663011137386337,10.8451718088508,4.33932556348828
