Fastq,Number of reads,Total length,shortest,Longest,N50,N75,AuN,Raw number of reads,% reads filtered
prinseq/1068841_20180306_S_good_out_R1.fastq,"1,196,786","358,226,948",116,300,300,300,299,"1,208,215",99.05
prinseq/1068841_20180306_S_good_out_R2.fastq,"1,196,786","355,778,697",111,300,300,300,297,"1,208,215",99.05
prinseq/1112926_20171212_S_good_out_R1.fastq,"1,626,081","486,452,875",185,300,300,300,299,"1,647,260",98.71
prinseq/1112926_20171212_S_good_out_R2.fastq,"1,626,081","482,813,559",211,300,300,300,297,"1,647,260",98.71
prinseq/1128691_20171206_S_good_out_R1.fastq,"1,782,538","533,238,920",110,300,300,300,299,"1,802,254",98.91
prinseq/1128691_20171206_S_good_out_R2.fastq,"1,782,538","528,015,498",215,300,300,300,296,"1,802,254",98.91
prinseq/1128691_20171218_S_good_out_R1.fastq,"2,501,525","748,324,674",228,300,300,300,299,"2,534,567",98.70
prinseq/1128691_20171218_S_good_out_R2.fastq,"2,501,525","741,603,164",212,300,300,300,296,"2,534,567",98.70
prinseq/1128691_20180116_S_good_out_R1.fastq,"1,019,675","305,022,968",227,300,300,300,299,"1,030,797",98.92
prinseq/1128691_20180116_S_good_out_R2.fastq,"1,019,675","302,498,616",215,300,300,300,296,"1,030,797",98.92
prinseq/1162967_20180116_S_good_out_R1.fastq,"894,831","267,651,139",232,300,300,300,299,"904,043",98.98
prinseq/1162967_20180116_S_good_out_R2.fastq,"894,831","265,231,968",218,300,300,300,296,"904,043",98.98
prinseq/1255498_20171212_S_good_out_R1.fastq,"1,605,048","480,087,272",195,300,300,300,299,"1,626,970",98.65
prinseq/1255498_20171212_S_good_out_R2.fastq,"1,605,048","476,808,397",97,300,300,300,297,"1,626,970",98.65
prinseq/1282052_20180206_S_good_out_R1.fastq,"1,395,406","417,228,118",194,300,300,300,299,"1,419,925",98.27
prinseq/1282052_20180206_S_good_out_R2.fastq,"1,395,406","415,228,503",214,300,300,300,297,"1,419,925",98.27
prinseq/1316935_20180417_S_good_out_R1.fastq,"659,970","197,430,620",155,300,300,300,299,"667,249",98.91
prinseq/1316935_20180417_S_good_out_R2.fastq,"659,970","196,001,399",212,300,300,300,297,"667,249",98.91
prinseq/1316979_20171215_S_good_out_R1.fastq,"2,805,487","839,026,907",140,300,300,300,299,"2,865,250",97.91
prinseq/1316979_20171215_S_good_out_R2.fastq,"2,805,487","834,682,305",161,300,300,300,297,"2,865,250",97.91
prinseq/1447437_20171006_S_good_out_R1.fastq,"1,106,311","330,952,732",95,300,300,300,299,"1,119,480",98.82
prinseq/1447437_20171006_S_good_out_R2.fastq,"1,106,311","329,476,576",216,300,300,300,297,"1,119,480",98.82
prinseq/1465461_20180406_S_good_out_R1.fastq,"2,217,342","663,369,867",147,300,300,300,299,"2,245,677",98.74
prinseq/1465461_20180406_S_good_out_R2.fastq,"2,217,342","659,925,476",214,300,300,300,297,"2,245,677",98.74
prinseq/1470026_20180502_S_good_out_R1.fastq,"1,126,192","336,927,257",195,300,300,300,299,"1,140,774",98.72
prinseq/1470026_20180502_S_good_out_R2.fastq,"1,126,192","335,242,735",216,300,300,300,297,"1,140,774",98.72
prinseq/1565754_20171128_S_good_out_R1.fastq,"2,892,734","865,329,489",128,300,300,300,299,"2,931,260",98.69
prinseq/1565754_20171128_S_good_out_R2.fastq,"2,892,734","859,226,328",212,300,300,300,297,"2,931,260",98.69
prinseq/1565754_20180403_S_good_out_R1.fastq,"1,500,008","448,674,577",123,300,300,300,299,"1,523,427",98.46
prinseq/1565754_20180403_S_good_out_R2.fastq,"1,500,008","445,496,037",218,300,300,300,297,"1,523,427",98.46
prinseq/1586713_20180309_S_good_out_R1.fastq,"1,780,965","533,280,152",236,300,300,300,299,"1,801,920",98.84
prinseq/1586713_20180309_S_good_out_R2.fastq,"1,780,965","529,970,504",214,300,300,300,297,"1,801,920",98.84
prinseq/1593967_20180424_S_good_out_R1.fastq,"1,385,405","414,586,694",234,300,300,300,299,"1,402,272",98.80
prinseq/1593967_20180424_S_good_out_R2.fastq,"1,385,405","410,710,200",214,300,300,300,296,"1,402,272",98.80
prinseq/1593973_20180427_S_good_out_R1.fastq,"3,722,822","1,113,986,818",119,300,300,300,299,"3,778,675",98.52
prinseq/1593973_20180427_S_good_out_R2.fastq,"3,722,822","1,104,132,033",190,300,300,300,296,"3,778,675",98.52
prinseq/1593973_20180504_S_good_out_R1.fastq,"4,574,086","1,369,113,330",202,300,300,300,299,"4,652,570",98.31
prinseq/1593973_20180504_S_good_out_R2.fastq,"4,574,086","1,358,854,845",207,300,300,300,297,"4,652,570",98.31
prinseq/1598281_20180508_S_good_out_R1.fastq,"393,537","117,769,471",238,300,300,300,299,"397,933",98.90
prinseq/1598281_20180508_S_good_out_R2.fastq,"393,537","117,113,791",205,300,300,300,297,"397,933",98.90
prinseq/1651490_20171010_S_good_out_R1.fastq,"2,357,253","705,428,117",159,300,300,300,299,"2,390,459",98.61
prinseq/1651490_20171010_S_good_out_R2.fastq,"2,357,253","698,494,370",206,300,300,300,296,"2,390,459",98.61
prinseq/1651490_20180206_S_good_out_R1.fastq,"3,232,241","967,319,017",119,300,300,300,299,"3,285,653",98.37
prinseq/1651490_20180206_S_good_out_R2.fastq,"3,232,241","960,074,495",206,300,300,300,297,"3,285,653",98.37
prinseq/1658447_20171006_S_good_out_R1.fastq,"1,268,833","379,698,271",206,300,300,300,299,"1,283,217",98.88
prinseq/1658447_20171006_S_good_out_R2.fastq,"1,268,833","377,985,874",212,300,300,300,298,"1,283,217",98.88
prinseq/1664053_20180406_S_good_out_R1.fastq,"424,752","127,117,940",244,300,300,300,299,"427,480",99.36
prinseq/1664053_20180406_S_good_out_R2.fastq,"424,752","126,158,935",213,300,300,300,297,"427,480",99.36
prinseq/1690154_20180406_S_good_out_R1.fastq,"1,353,039","405,016,014",244,300,300,300,299,"1,366,682",99.00
prinseq/1690154_20180406_S_good_out_R2.fastq,"1,353,039","402,825,967",219,300,300,300,297,"1,366,682",99.00
prinseq/1723809_20180227_S_good_out_R1.fastq,"876,652","262,276,928",185,300,300,300,299,"882,835",99.30
prinseq/1723809_20180227_S_good_out_R2.fastq,"876,652","261,535,728",149,300,300,300,298,"882,835",99.30
prinseq/1834617_20180501_S_good_out_R1.fastq,"1,584,524","473,998,900",125,300,300,300,299,"1,601,369",98.95
prinseq/1834617_20180501_S_good_out_R2.fastq,"1,584,524","471,647,898",213,300,300,300,297,"1,601,369",98.95
prinseq/1845116_20180403_S_good_out_R1.fastq,"694,673","207,898,870",242,300,300,300,299,"698,484",99.45
prinseq/1845116_20180403_S_good_out_R2.fastq,"694,673","206,634,636",218,300,300,300,297,"698,484",99.45
prinseq/1862551_20180123_S_good_out_R1.fastq,"383,434","114,759,084",242,300,300,300,299,"385,762",99.40
prinseq/1862551_20180123_S_good_out_R2.fastq,"383,434","113,856,584",222,300,300,300,297,"385,762",99.40
prinseq/623361_20180123_S_good_out_R1.fastq,"536,624","160,677,614",153,300,300,300,299,"538,797",99.60
prinseq/623361_20180123_S_good_out_R2.fastq,"536,624","159,759,514",219,300,300,300,297,"538,797",99.60
prinseq/634207_20180510_S_good_out_R1.fastq,"1,327,048","397,117,213",164,300,300,300,299,"1,337,274",99.24
prinseq/634207_20180510_S_good_out_R2.fastq,"1,327,048","394,805,321",215,300,300,300,297,"1,337,274",99.24
prinseq/634207_20180517_S_good_out_R1.fastq,"857,829","256,770,614",249,300,300,300,299,"865,819",99.08
prinseq/634207_20180517_S_good_out_R2.fastq,"857,829","255,746,905",222,300,300,300,298,"865,819",99.08
prinseq/639354_20171206_S_good_out_R1.fastq,"2,050,351","613,742,004",127,300,300,300,299,"2,079,166",98.61
prinseq/639354_20171206_S_good_out_R2.fastq,"2,050,351","607,114,612",213,300,300,300,296,"2,079,166",98.61
prinseq/642660_20180601_S_good_out_R1.fastq,"2,198,138","657,697,233",232,300,300,300,299,"2,217,198",99.14
prinseq/642660_20180601_S_good_out_R2.fastq,"2,198,138","653,829,104",210,300,300,300,297,"2,217,198",99.14
prinseq/650003_20180207_S_good_out_R1.fastq,"2,471,788","739,975,834",234,300,300,300,299,"2,513,331",98.35
prinseq/650003_20180207_S_good_out_R2.fastq,"2,471,788","734,268,445",207,300,300,300,297,"2,513,331",98.35
prinseq/650003_20180213_S_good_out_R1.fastq,"918,813","274,965,606",146,300,300,300,299,"926,452",99.18
prinseq/650003_20180213_S_good_out_R2.fastq,"918,813","273,249,640",218,300,300,300,297,"926,452",99.18
prinseq/652927_20180226_S_good_out_R1.fastq,"1,248,463","374,044,110",93,300,300,300,299,"1,256,610",99.35
prinseq/652927_20180226_S_good_out_R2.fastq,"1,248,463","372,015,756",216,300,300,300,298,"1,256,610",99.35
prinseq/658355_20170925_S_good_out_R1.fastq,"146,299","43,825,022",264,300,300,300,299,"147,386",99.26
prinseq/658355_20170925_S_good_out_R2.fastq,"146,299","43,512,648",223,300,300,300,297,"147,386",99.26
prinseq/658355_20171204_S_good_out_R1.fastq,"1,821,729","545,403,055",246,300,300,300,299,"1,837,523",99.14
prinseq/658355_20171204_S_good_out_R2.fastq,"1,821,729","542,612,981",220,300,300,300,297,"1,837,523",99.14
prinseq/658355_20180122_S_good_out_R1.fastq,"620,780","185,814,440",216,300,300,300,299,"624,994",99.33
prinseq/658355_20180122_S_good_out_R2.fastq,"620,780","184,860,534",217,300,300,300,297,"624,994",99.33
prinseq/658355_20180301_S_good_out_R1.fastq,"774,832","231,829,448",247,300,300,300,299,"780,251",99.31
prinseq/658355_20180301_S_good_out_R2.fastq,"774,832","230,346,669",212,300,300,300,297,"780,251",99.31
prinseq/658355_20180321_S_good_out_R1.fastq,"1,258,846","376,888,773",235,300,300,300,299,"1,275,390",98.70
prinseq/658355_20180321_S_good_out_R2.fastq,"1,258,846","375,185,694",220,300,300,300,298,"1,275,390",98.70
prinseq/670829_20170922_S_good_out_R1.fastq,"1,094,767","327,884,687",238,300,300,300,299,"1,103,514",99.21
prinseq/670829_20170922_S_good_out_R2.fastq,"1,094,767","325,705,000",216,300,300,300,297,"1,103,514",99.21
prinseq/670829_20171001_S_good_out_R1.fastq,"996,689","298,215,710",230,300,300,300,299,"1,009,615",98.72
prinseq/670829_20171001_S_good_out_R2.fastq,"996,689","296,091,112",214,300,300,300,297,"1,009,615",98.72
prinseq/670829_20171005_S_good_out_R1.fastq,"2,073,669","620,366,078",158,300,300,300,299,"2,104,271",98.55
prinseq/670829_20171005_S_good_out_R2.fastq,"2,073,669","616,892,776",179,300,300,300,297,"2,104,271",98.55
prinseq/670829_20180201_S_good_out_R1.fastq,"1,327,280","396,896,503",141,300,300,300,299,"1,343,327",98.81
prinseq/670829_20180201_S_good_out_R2.fastq,"1,327,280","394,653,228",212,300,300,300,297,"1,343,327",98.81
prinseq/673895_20180122_S_good_out_R1.fastq,"1,211,495","362,463,710",237,300,300,300,299,"1,236,056",98.01
prinseq/673895_20180122_S_good_out_R2.fastq,"1,211,495","359,563,578",183,300,300,300,296,"1,236,056",98.01
prinseq/673895_20180205_S_good_out_R1.fastq,"2,878,505","861,140,320",204,300,300,300,299,"2,917,918",98.65
prinseq/673895_20180205_S_good_out_R2.fastq,"2,878,505","852,630,264",206,300,300,300,296,"2,917,918",98.65
prinseq/676138_20171001_S_good_out_R1.fastq,"1,065,396","318,849,858",232,300,300,300,299,"1,077,150",98.91
prinseq/676138_20171001_S_good_out_R2.fastq,"1,065,396","315,601,983",218,300,300,300,296,"1,077,150",98.91
prinseq/676138_20171009_S_good_out_R1.fastq,"1,112,715","333,158,322",226,300,300,300,299,"1,129,179",98.54
prinseq/676138_20171009_S_good_out_R2.fastq,"1,112,715","330,971,032",219,300,300,300,297,"1,129,179",98.54
prinseq/676138_20180130_S_good_out_R1.fastq,"705,286","211,188,668",142,300,300,300,299,"707,561",99.68
prinseq/676138_20180130_S_good_out_R2.fastq,"705,286","210,278,492",130,300,300,300,298,"707,561",99.68
prinseq/676138_20180323_S_good_out_R1.fastq,"652,434","195,344,013",211,300,300,300,299,"659,202",98.97
prinseq/676138_20180323_S_good_out_R2.fastq,"652,434","193,664,203",214,300,300,300,297,"659,202",98.97
prinseq/676138_20180405_S_good_out_R1.fastq,"1,616,768","484,542,580",236,300,300,300,299,"1,636,193",98.81
prinseq/676138_20180405_S_good_out_R2.fastq,"1,616,768","482,240,093",214,300,300,300,298,"1,636,193",98.81
prinseq/698564_20171001_S_good_out_R1.fastq,"434,993","130,113,229",236,300,300,300,299,"441,223",98.59
prinseq/698564_20171001_S_good_out_R2.fastq,"434,993","128,142,840",212,300,300,300,294,"441,223",98.59
prinseq/698564_20180215_S_good_out_R1.fastq,"256,597","76,802,872",242,300,300,300,299,"260,065",98.67
prinseq/698564_20180215_S_good_out_R2.fastq,"256,597","76,219,102",221,300,300,300,297,"260,065",98.67
prinseq/698564_20181205_S_good_out_R1.fastq,"679,986","203,448,314",235,300,300,300,299,"688,847",98.71
prinseq/698564_20181205_S_good_out_R2.fastq,"679,986","201,905,705",216,300,300,300,297,"688,847",98.71
prinseq/698917_20171207_S_good_out_R1.fastq,"2,023,625","605,192,653",90,300,300,300,299,"2,039,006",99.25
prinseq/698917_20171207_S_good_out_R2.fastq,"2,023,625","600,033,758",166,300,300,300,296,"2,039,006",99.25
prinseq/698917_20180119_S_good_out_R1.fastq,"2,996,284","895,947,466",159,300,300,300,299,"3,039,494",98.58
prinseq/698917_20180119_S_good_out_R2.fastq,"2,996,284","886,704,839",207,300,300,300,296,"3,039,494",98.58
prinseq/698917_20180128_S_good_out_R1.fastq,"547,047","163,655,632",219,300,300,300,299,"551,415",99.21
prinseq/698917_20180128_S_good_out_R2.fastq,"547,047","162,014,853",211,300,300,300,296,"551,415",99.21
prinseq/698917_20180329_S_good_out_R1.fastq,"1,037,980","310,284,211",234,300,300,300,298,"1,052,560",98.61
prinseq/698917_20180329_S_good_out_R2.fastq,"1,037,980","307,526,672",216,300,300,300,296,"1,052,560",98.61
prinseq/701099_20180504_S_good_out_R1.fastq,"629,323","188,317,201",242,300,300,300,299,"633,722",99.31
prinseq/701099_20180504_S_good_out_R2.fastq,"629,323","186,872,610",206,300,300,300,297,"633,722",99.31
prinseq/701099_20180517_S_good_out_R1.fastq,"842,893","252,403,330",189,300,300,300,299,"847,972",99.40
prinseq/701099_20180517_S_good_out_R2.fastq,"842,893","251,541,408",157,300,300,300,298,"847,972",99.40
prinseq/715927_20180205_S_good_out_R1.fastq,"990,881","296,560,238",238,300,300,300,299,"996,724",99.41
prinseq/715927_20180205_S_good_out_R2.fastq,"990,881","294,743,283",212,300,300,300,297,"996,724",99.41
prinseq/715927_20180213_S_good_out_R1.fastq,"1,042,126","312,168,966",245,300,300,300,299,"1,049,528",99.29
prinseq/715927_20180213_S_good_out_R2.fastq,"1,042,126","310,197,881",218,300,300,300,297,"1,049,528",99.29
prinseq/717449_20180606_S_good_out_R1.fastq,"518,513","155,145,002",243,300,300,300,299,"525,820",98.61
prinseq/717449_20180606_S_good_out_R2.fastq,"518,513","154,344,212",220,300,300,300,297,"525,820",98.61
prinseq/720054_20170925_S_good_out_R1.fastq,"1,852,906","554,489,048",113,300,300,300,299,"1,873,838",98.88
prinseq/720054_20170925_S_good_out_R2.fastq,"1,852,906","551,675,264",186,300,300,300,297,"1,873,838",98.88
prinseq/720054_20171120_S_good_out_R1.fastq,"450,770","134,874,222",208,300,300,300,299,"452,239",99.68
prinseq/720054_20171120_S_good_out_R2.fastq,"450,770","134,107,455",214,300,300,300,297,"452,239",99.68
prinseq/748160_20180321_S_good_out_R1.fastq,"1,695,018","507,008,981",151,300,300,300,299,"1,722,251",98.42
prinseq/748160_20180321_S_good_out_R2.fastq,"1,695,018","504,593,921",212,300,300,300,297,"1,722,251",98.42
prinseq/748160_20180329_S_good_out_R1.fastq,"1,397,020","417,868,559",107,300,300,300,299,"1,423,630",98.13
prinseq/748160_20180329_S_good_out_R2.fastq,"1,397,020","415,717,436",213,300,300,300,297,"1,423,630",98.13
prinseq/748699_20180329_S_good_out_R1.fastq,"2,683,021","802,755,631",138,300,300,300,299,"2,717,591",98.73
prinseq/748699_20180329_S_good_out_R2.fastq,"2,683,021","797,276,138",213,300,300,300,297,"2,717,591",98.73
prinseq/748699_20180410_S_good_out_R1.fastq,"1,764,400","527,833,409",78,300,300,300,299,"1,786,600",98.76
prinseq/748699_20180410_S_good_out_R2.fastq,"1,764,400","525,750,413",218,300,300,300,298,"1,786,600",98.76
prinseq/748699_20190101_S_good_out_R1.fastq,"913,412","273,395,748",171,300,300,300,299,"924,155",98.84
prinseq/748699_20190101_S_good_out_R2.fastq,"913,412","271,587,103",214,300,300,300,297,"924,155",98.84
prinseq/748699_20190109_S_good_out_R1.fastq,"846,058","253,317,796",153,300,300,300,299,"855,175",98.93
prinseq/748699_20190109_S_good_out_R2.fastq,"846,058","251,414,647",212,300,300,300,297,"855,175",98.93
prinseq/748699_20190114_S_good_out_R1.fastq,"526,747","157,686,187",227,300,300,300,299,"530,208",99.35
prinseq/748699_20190114_S_good_out_R2.fastq,"526,747","156,298,458",215,300,300,300,296,"530,208",99.35
prinseq/752797_20170918_S_good_out_R1.fastq,"1,309,875","391,729,606",228,300,300,300,299,"1,328,255",98.62
prinseq/752797_20170918_S_good_out_R2.fastq,"1,309,875","387,444,066",210,300,300,300,296,"1,328,255",98.62
prinseq/752797_20170927_S_good_out_R1.fastq,"432,991","129,547,356",244,300,300,300,299,"438,600",98.72
prinseq/752797_20170927_S_good_out_R2.fastq,"432,991","128,630,158",216,300,300,300,297,"438,600",98.72
prinseq/752797_20180306_S_good_out_R1.fastq,"609,834","182,515,823",248,300,300,300,299,"614,265",99.28
prinseq/752797_20180306_S_good_out_R2.fastq,"609,834","181,745,777",216,300,300,300,298,"614,265",99.28
prinseq/753522_20180606_S_good_out_R1.fastq,"1,788,122","535,095,366",97,300,300,300,299,"1,815,144",98.51
prinseq/753522_20180606_S_good_out_R2.fastq,"1,788,122","532,853,549",168,300,300,300,298,"1,815,144",98.51
prinseq/756934_20181205_S_good_out_R1.fastq,"1,074,124","321,568,704",229,300,300,300,299,"1,085,791",98.93
prinseq/756934_20181205_S_good_out_R2.fastq,"1,074,124","318,557,420",203,300,300,300,296,"1,085,791",98.93
prinseq/756934_20181218_S_good_out_R1.fastq,"1,339,986","401,019,303",156,300,300,300,299,"1,353,787",98.98
prinseq/756934_20181218_S_good_out_R2.fastq,"1,339,986","398,053,194",214,300,300,300,297,"1,353,787",98.98
prinseq/763742_20170925_S_good_out_R1.fastq,"309,093","92,565,942",261,300,300,300,299,"312,083",99.04
prinseq/763742_20170925_S_good_out_R2.fastq,"309,093","91,896,606",224,300,300,300,297,"312,083",99.04
prinseq/763742_20180129_S_good_out_R1.fastq,"1,096,622","328,239,815",157,300,300,300,299,"1,103,721",99.36
prinseq/763742_20180129_S_good_out_R2.fastq,"1,096,622","326,735,219",220,300,300,300,298,"1,103,721",99.36
prinseq/768745_20171123_S_good_out_R1.fastq,"662,371","198,260,047",244,300,300,300,299,"665,852",99.48
prinseq/768745_20171123_S_good_out_R2.fastq,"662,371","197,167,517",216,300,300,300,297,"665,852",99.48
prinseq/768745_20171206_S_good_out_R1.fastq,"2,015,168","603,641,183",63,300,300,300,299,"2,036,051",98.97
prinseq/768745_20171206_S_good_out_R2.fastq,"2,015,168","599,482,115",216,300,300,300,297,"2,036,051",98.97
prinseq/768745_20190228_BAL_good_out_R1.fastq,"482,618","144,362,481",245,300,300,300,299,"491,131",98.27
prinseq/768745_20190228_BAL_good_out_R2.fastq,"482,618","143,256,747",191,300,300,300,297,"491,131",98.27
prinseq/768745_20190228_S_good_out_R1.fastq,"1,363,589","408,062,866",155,300,300,300,299,"1,371,732",99.41
prinseq/768745_20190228_S_good_out_R2.fastq,"1,363,589","406,372,861",214,300,300,300,298,"1,371,732",99.41
prinseq/770560_20181211_S_good_out_R1.fastq,"1,273,600","381,123,435",238,300,300,300,299,"1,282,587",99.30
prinseq/770560_20181211_S_good_out_R2.fastq,"1,273,600","377,869,858",213,300,300,300,296,"1,282,587",99.30
prinseq/770560_20181218_S_good_out_R1.fastq,"883,754","264,678,133",247,300,300,300,299,"889,146",99.39
prinseq/770560_20181218_S_good_out_R2.fastq,"883,754","263,254,987",225,300,300,300,297,"889,146",99.39
prinseq/770560_20190109_S_good_out_R1.fastq,"2,230,192","667,327,605",108,300,300,300,299,"2,260,298",98.67
prinseq/770560_20190109_S_good_out_R2.fastq,"2,230,192","661,876,415",205,300,300,300,296,"2,260,298",98.67
prinseq/770590_20170925_S_good_out_R1.fastq,"1,322,585","395,866,207",237,300,300,300,299,"1,343,035",98.48
prinseq/770590_20170925_S_good_out_R2.fastq,"1,322,585","392,762,897",213,300,300,300,297,"1,343,035",98.48
prinseq/770590_20180115_S_good_out_R1.fastq,"1,577,340","472,147,877",211,300,300,300,299,"1,593,512",98.99
prinseq/770590_20180115_S_good_out_R2.fastq,"1,577,340","469,807,918",218,300,300,300,297,"1,593,512",98.99
prinseq/773911_20171213_S_good_out_R1.fastq,"1,173,948","351,455,826",236,300,300,300,299,"1,185,146",99.06
prinseq/773911_20171213_S_good_out_R2.fastq,"1,173,948","349,607,914",222,300,300,300,297,"1,185,146",99.06
prinseq/773911_20180130_S_good_out_R1.fastq,"1,303,485","389,884,624",216,300,300,300,299,"1,323,156",98.51
prinseq/773911_20180130_S_good_out_R2.fastq,"1,303,485","387,801,633",214,300,300,300,297,"1,323,156",98.51
prinseq/777599_20180306_S_good_out_R1.fastq,"844,316","252,681,642",229,300,300,300,299,"857,328",98.48
prinseq/777599_20180306_S_good_out_R2.fastq,"844,316","250,010,062",216,300,300,300,296,"857,328",98.48
prinseq/777851_20170918_S_good_out_R1.fastq,"811,804","243,040,957",240,300,300,300,299,"818,398",99.19
prinseq/777851_20170918_S_good_out_R2.fastq,"811,804","242,160,800",218,300,300,300,298,"818,398",99.19
prinseq/778851_20171204_S_good_out_R1.fastq,"1,272,171","380,690,696",135,300,300,300,299,"1,279,212",99.45
prinseq/778851_20171204_S_good_out_R2.fastq,"1,272,171","379,053,356",220,300,300,300,298,"1,279,212",99.45
prinseq/778851_20180212_S_good_out_R1.fastq,"764,355","228,857,087",238,300,300,300,299,"770,520",99.20
prinseq/778851_20180212_S_good_out_R2.fastq,"764,355","227,404,251",215,300,300,300,297,"770,520",99.20
prinseq/785991_20171129_S_good_out_R1.fastq,"532,026","159,368,893",233,300,300,300,299,"535,009",99.44
prinseq/785991_20171129_S_good_out_R2.fastq,"532,026","158,458,015",222,300,300,300,297,"535,009",99.44
prinseq/785991_20171206_S_good_out_R1.fastq,"530,964","159,089,615",224,300,300,300,299,"533,079",99.60
prinseq/785991_20171206_S_good_out_R2.fastq,"530,964","157,998,070",216,300,300,300,297,"533,079",99.60
prinseq/785991_20171213_S_good_out_R1.fastq,"1,126,396","337,286,418",100,300,300,300,299,"1,137,973",98.98
prinseq/785991_20171213_S_good_out_R2.fastq,"1,126,396","336,064,876",226,300,300,300,298,"1,137,973",98.98
prinseq/785991_20180215_S_good_out_R1.fastq,"746,526","223,423,731",249,300,300,300,299,"755,982",98.75
prinseq/785991_20180215_S_good_out_R2.fastq,"746,526","222,654,790",214,300,300,300,298,"755,982",98.75
prinseq/785991_20180321_S_good_out_R1.fastq,"1,981,019","593,047,847",232,300,300,300,299,"2,005,823",98.76
prinseq/785991_20180321_S_good_out_R2.fastq,"1,981,019","590,912,284",219,300,300,300,298,"2,005,823",98.76
prinseq/788707_20171213_S_good_out_R1.fastq,"1,555,220","465,107,653",212,300,300,300,299,"1,581,603",98.33
prinseq/788707_20171213_S_good_out_R2.fastq,"1,555,220","461,310,983",209,300,300,300,296,"1,581,603",98.33
prinseq/788707_20180129_S_good_out_R1.fastq,"681,080","203,919,624",210,300,300,300,299,"685,330",99.38
prinseq/788707_20180129_S_good_out_R2.fastq,"681,080","203,054,087",188,300,300,300,298,"685,330",99.38
prinseq/788707_20180301_S_good_out_R1.fastq,"965,383","288,764,594",180,300,300,300,299,"975,125",99.00
prinseq/788707_20180301_S_good_out_R2.fastq,"965,383","286,487,460",217,300,300,300,296,"975,125",99.00
prinseq/788707_20180308_S_good_out_R1.fastq,"997,947","298,653,321",216,300,300,300,299,"1,011,192",98.69
prinseq/788707_20180308_S_good_out_R2.fastq,"997,947","296,502,800",216,300,300,300,297,"1,011,192",98.69
prinseq/788707_20180313_S_good_out_R1.fastq,"407,265","121,956,357",248,300,300,300,299,"410,087",99.31
prinseq/788707_20180313_S_good_out_R2.fastq,"407,265","121,290,654",220,300,300,300,297,"410,087",99.31
prinseq/788707_20181116_S_good_out_R1.fastq,"918,648","274,849,331",173,300,300,300,299,"930,317",98.75
prinseq/788707_20181116_S_good_out_R2.fastq,"918,648","273,113,574",172,300,300,300,297,"930,317",98.75
prinseq/788707_20181126_S_good_out_R1.fastq,"971,954","290,848,685",233,300,300,300,299,"986,433",98.53
prinseq/788707_20181126_S_good_out_R2.fastq,"971,954","288,543,260",211,300,300,300,297,"986,433",98.53
prinseq/802187_20180321_S_good_out_R1.fastq,"1,915,613","573,187,031",187,300,300,300,299,"1,934,468",99.03
prinseq/802187_20180321_S_good_out_R2.fastq,"1,915,613","569,992,238",213,300,300,300,297,"1,934,468",99.03
prinseq/802971_20180605_S_good_out_R1.fastq,"4,817,204","1,440,805,162",61,300,300,300,299,"4,889,161",98.53
prinseq/802971_20180605_S_good_out_R2.fastq,"4,817,204","1,428,138,090",199,300,300,300,296,"4,889,161",98.53
prinseq/810653_20180115_S_good_out_R1.fastq,"1,426,701","427,061,443",232,300,300,300,299,"1,440,074",99.07
prinseq/810653_20180115_S_good_out_R2.fastq,"1,426,701","425,108,938",216,300,300,300,298,"1,440,074",99.07
prinseq/825012_20171123_S_good_out_R1.fastq,"741,952","222,126,986",248,300,300,300,299,"745,368",99.54
prinseq/825012_20171123_S_good_out_R2.fastq,"741,952","220,869,083",218,300,300,300,297,"745,368",99.54
prinseq/825012_20171129_S_good_out_R1.fastq,"39,421","11,803,734",258,300,300,300,299,"39,807",99.03
prinseq/825012_20171129_S_good_out_R2.fastq,"39,421","11,728,475",234,300,300,300,297,"39,807",99.03
prinseq/825012_20171206_S_good_out_R1.fastq,"677,029","202,742,792",240,300,300,300,299,"682,569",99.19
prinseq/825012_20171206_S_good_out_R2.fastq,"677,029","202,071,604",222,300,300,300,298,"682,569",99.19
prinseq/825012_20181113_S_good_out_R1.fastq,"106,208","31,778,392",239,300,300,300,299,"106,956",99.30
prinseq/825012_20181113_S_good_out_R2.fastq,"106,208","31,493,506",220,300,300,300,296,"106,956",99.30
prinseq/825012_20181120_S_good_out_R1.fastq,"2,584,026","772,920,724",219,300,300,300,299,"2,618,288",98.69
prinseq/825012_20181120_S_good_out_R2.fastq,"2,584,026","764,491,960",208,300,300,300,296,"2,618,288",98.69
prinseq/825012_20181126_S_good_out_R1.fastq,"716,670","214,315,533",141,300,300,300,299,"727,348",98.53
prinseq/825012_20181126_S_good_out_R2.fastq,"716,670","212,429,114",208,300,300,300,296,"727,348",98.53
prinseq/848255_20190228_S_good_out_R1.fastq,"1,320,638","395,324,032",244,300,300,300,299,"1,332,079",99.14
prinseq/848255_20190228_S_good_out_R2.fastq,"1,320,638","393,692,699",218,300,300,300,298,"1,332,079",99.14
prinseq/875028_20180115_S_good_out_R1.fastq,"1,158,233","346,867,653",147,300,300,300,299,"1,168,300",99.14
prinseq/875028_20180115_S_good_out_R2.fastq,"1,158,233","345,344,204",210,300,300,300,298,"1,168,300",99.14
prinseq/877469_20190115_S_good_out_R1.fastq,"65,441","19,584,845",258,300,300,300,299,"66,311",98.69
prinseq/877469_20190115_S_good_out_R2.fastq,"65,441","19,443,838",222,300,300,300,297,"66,311",98.69
prinseq/892355_20180123_S_good_out_R1.fastq,"2,522,544","754,636,993",198,300,300,300,299,"2,558,786",98.58
prinseq/892355_20180123_S_good_out_R2.fastq,"2,522,544","746,365,692",207,300,300,300,296,"2,558,786",98.58
prinseq/895293_20180502_S_good_out_R1.fastq,"1,869,725","559,460,520",239,300,300,300,299,"1,893,385",98.75
prinseq/895293_20180502_S_good_out_R2.fastq,"1,869,725","556,780,558",212,300,300,300,297,"1,893,385",98.75
prinseq/896213_20180427_S_good_out_R1.fastq,"51,160","15,323,471",264,300,300,300,299,"51,776",98.81
prinseq/896213_20180427_S_good_out_R2.fastq,"51,160","15,217,900",231,300,300,300,297,"51,776",98.81
prinseq/913873_20180417_S_good_out_R1.fastq,"17,498","5,239,818",254,300,300,300,299,"17,666",99.05
prinseq/913873_20180417_S_good_out_R2.fastq,"17,498","5,200,490",230,300,300,300,297,"17,666",99.05
prinseq/980574_20180403_S_good_out_R1.fastq,"728,364","218,063,945",176,300,300,300,299,"736,139",98.94
prinseq/980574_20180403_S_good_out_R2.fastq,"728,364","216,470,034",204,300,300,300,297,"736,139",98.94
prinseq/983493_20180123_S_good_out_R1.fastq,"1,064,671","318,544,597",125,300,300,300,299,"1,078,943",98.68
prinseq/983493_20180123_S_good_out_R2.fastq,"1,064,671","315,907,889",207,300,300,300,296,"1,078,943",98.68
